﻿<?xml version="1.0" encoding="utf-8"?>
<abapGit version="v1.0.0" serializer="LCL_OBJECT_CLAS" serializer_version="v1.0.0">
 <asx:abap xmlns:asx="http://www.sap.com/abapxml" version="1.0">
  <asx:values>
   <VSEOCLASS>
    <CLSNAME>ZCL_CK_COST</CLSNAME>
    <LANGU>S</LANGU>
    <DESCRIPT>Clase utilitaria CO</DESCRIPT>
    <STATE>1</STATE>
    <CLSCCINCL>X</CLSCCINCL>
    <FIXPT>X</FIXPT>
    <UNICODE>X</UNICODE>
   </VSEOCLASS>
   <TPOOL>
    <item>
     <ID>I</ID>
     <KEY>R01</KEY>
     <ENTRY>Resto(Fabricación)</ENTRY>
     <LENGTH>28</LENGTH>
    </item>
   </TPOOL>
   <I18N_TPOOL>
    <item>
     <LANGUAGE>S</LANGUAGE>
     <TEXTPOOL>
      <item>
       <ID>I</ID>
       <KEY>R01</KEY>
       <ENTRY>Resto(Fabricación)</ENTRY>
       <LENGTH>28</LENGTH>
      </item>
     </TEXTPOOL>
    </item>
   </I18N_TPOOL>
   <I18N_LINES>
    <item>
     <LANGUAGE>S</LANGUAGE>
    </item>
   </I18N_LINES>
   <DESCRIPTIONS>
    <SEOCOMPOTX>
     <CLSNAME>ZCL_CK_COST</CLSNAME>
     <CMPNAME>GET_PRODUCT_COST2</CMPNAME>
     <LANGU>S</LANGU>
     <DESCRIPT>Product cost</DESCRIPT>
    </SEOCOMPOTX>
    <SEOCOMPOTX>
     <CLSNAME>ZCL_CK_COST</CLSNAME>
     <CMPNAME>GET_PRODUCT_COST_ALIADOS</CMPNAME>
     <LANGU>S</LANGU>
     <DESCRIPT>Get product cost aliados</DESCRIPT>
    </SEOCOMPOTX>
    <SEOCOMPOTX>
     <CLSNAME>ZCL_CK_COST</CLSNAME>
     <CMPNAME>GET_PRODUCT_COST_CKM3</CMPNAME>
     <LANGU>S</LANGU>
     <DESCRIPT>Get product cost tx. CKM3.</DESCRIPT>
    </SEOCOMPOTX>
   </DESCRIPTIONS>
  </asx:values>
 </asx:abap>
</abapGit>
