﻿<?xml version="1.0" encoding="utf-8"?>
<abapGit version="v1.0.0" serializer="LCL_OBJECT_TRAN" serializer_version="v1.0.0">
 <asx:abap xmlns:asx="http://www.sap.com/abapxml" version="1.0">
  <asx:values>
   <TSTC>
    <TCODE>ZCO002</TCODE>
    <PGMNA>ZCO_TARGET</PGMNA>
    <DYPNO>1000</DYPNO>
    <CINFO>kA==</CINFO>
   </TSTC>
   <TSTCC>
    <TCODE>ZCO002</TCODE>
    <S_WEBGUI>1</S_WEBGUI>
    <S_WIN32>X</S_WIN32>
    <S_PLATIN>X</S_PLATIN>
   </TSTCC>
   <TSTCP>
    <TCODE>ZCO002</TCODE>
    <PARAM>CUS&amp;DO10</PARAM>
   </TSTCP>
   <I18N_TPOOL>
    <TSTCT>
     <SPRSL>S</SPRSL>
     <TTEXT>Indicador Márgenes Beneficio(Target)</TTEXT>
    </TSTCT>
   </I18N_TPOOL>
  </asx:values>
 </asx:abap>
</abapGit>
