﻿<?xml version="1.0" encoding="utf-8"?>
<abapGit version="v1.0.0" serializer="LCL_OBJECT_TABL" serializer_version="v1.0.0">
 <asx:abap xmlns:asx="http://www.sap.com/abapxml" version="1.0">
  <asx:values>
   <DD02V>
    <TABNAME>ZCO_COSTOOPERCEN</TABNAME>
    <TABCLASS>TRANSP</TABCLASS>
    <CLIDEP>X</CLIDEP>
    <MAINFLAG>X</MAINFLAG>
    <CONTFLAG>A</CONTFLAG>
    <EXCLASS>3</EXCLASS>
   </DD02V>
   <DD09L>
    <TABNAME>ZCO_COSTOOPERCEN</TABNAME>
    <AS4LOCAL>A</AS4LOCAL>
    <TABKAT>1</TABKAT>
    <TABART>APPL1</TABART>
    <BUFALLOW>N</BUFALLOW>
   </DD09L>
   <DD03P_TABLE>
    <DD03P>
     <TABNAME>ZCO_COSTOOPERCEN</TABNAME>
     <FIELDNAME>MANDT</FIELDNAME>
     <POSITION>0001</POSITION>
     <KEYFLAG>X</KEYFLAG>
     <ROLLNAME>MANDT</ROLLNAME>
     <ADMINFIELD>0</ADMINFIELD>
     <NOTNULL>X</NOTNULL>
     <COMPTYPE>E</COMPTYPE>
    </DD03P>
    <DD03P>
     <TABNAME>ZCO_COSTOOPERCEN</TABNAME>
     <FIELDNAME>VKORG</FIELDNAME>
     <POSITION>0002</POSITION>
     <KEYFLAG>X</KEYFLAG>
     <ROLLNAME>VKORG</ROLLNAME>
     <CHECKTABLE>TVKO</CHECKTABLE>
     <ADMINFIELD>0</ADMINFIELD>
     <NOTNULL>X</NOTNULL>
     <SHLPORIGIN>P</SHLPORIGIN>
     <SHLPNAME>C_VKORG</SHLPNAME>
     <SHLPFIELD>VKORG</SHLPFIELD>
     <COMPTYPE>E</COMPTYPE>
    </DD03P>
    <DD03P>
     <TABNAME>ZCO_COSTOOPERCEN</TABNAME>
     <FIELDNAME>WERKS</FIELDNAME>
     <POSITION>0003</POSITION>
     <KEYFLAG>X</KEYFLAG>
     <ROLLNAME>WERKS_D</ROLLNAME>
     <CHECKTABLE>T001W</CHECKTABLE>
     <ADMINFIELD>0</ADMINFIELD>
     <NOTNULL>X</NOTNULL>
     <SHLPORIGIN>P</SHLPORIGIN>
     <SHLPNAME>H_T001W_C</SHLPNAME>
     <SHLPFIELD>WERKS</SHLPFIELD>
     <COMPTYPE>E</COMPTYPE>
    </DD03P>
    <DD03P>
     <TABNAME>ZCO_COSTOOPERCEN</TABNAME>
     <FIELDNAME>VTWEG</FIELDNAME>
     <POSITION>0004</POSITION>
     <KEYFLAG>X</KEYFLAG>
     <ROLLNAME>VTWEG</ROLLNAME>
     <CHECKTABLE>TVTW</CHECKTABLE>
     <ADMINFIELD>0</ADMINFIELD>
     <NOTNULL>X</NOTNULL>
     <SHLPORIGIN>P</SHLPORIGIN>
     <SHLPNAME>C_VTWEG</SHLPNAME>
     <SHLPFIELD>VTWEG</SHLPFIELD>
     <COMPTYPE>E</COMPTYPE>
    </DD03P>
    <DD03P>
     <TABNAME>ZCO_COSTOOPERCEN</TABNAME>
     <FIELDNAME>ANO</FIELDNAME>
     <POSITION>0005</POSITION>
     <KEYFLAG>X</KEYFLAG>
     <ROLLNAME>GJAHR</ROLLNAME>
     <ADMINFIELD>0</ADMINFIELD>
     <NOTNULL>X</NOTNULL>
     <COMPTYPE>E</COMPTYPE>
    </DD03P>
    <DD03P>
     <TABNAME>ZCO_COSTOOPERCEN</TABNAME>
     <FIELDNAME>CL01</FIELDNAME>
     <POSITION>0006</POSITION>
     <ADMINFIELD>0</ADMINFIELD>
     <INTTYPE>P</INTTYPE>
     <INTLEN>000007</INTLEN>
     <REFTABLE>VBRK</REFTABLE>
     <REFFIELD>WAERK</REFFIELD>
     <DATATYPE>CURR</DATATYPE>
     <LENG>000013</LENG>
     <DECIMALS>000002</DECIMALS>
     <MASK>  CURR</MASK>
    </DD03P>
    <DD03P>
     <TABNAME>ZCO_COSTOOPERCEN</TABNAME>
     <FIELDNAME>CL02</FIELDNAME>
     <POSITION>0007</POSITION>
     <ADMINFIELD>0</ADMINFIELD>
     <INTTYPE>P</INTTYPE>
     <INTLEN>000007</INTLEN>
     <REFTABLE>VBRK</REFTABLE>
     <REFFIELD>WAERK</REFFIELD>
     <DATATYPE>CURR</DATATYPE>
     <LENG>000013</LENG>
     <DECIMALS>000002</DECIMALS>
     <MASK>  CURR</MASK>
    </DD03P>
    <DD03P>
     <TABNAME>ZCO_COSTOOPERCEN</TABNAME>
     <FIELDNAME>CL03</FIELDNAME>
     <POSITION>0008</POSITION>
     <ADMINFIELD>0</ADMINFIELD>
     <INTTYPE>P</INTTYPE>
     <INTLEN>000007</INTLEN>
     <REFTABLE>VBRK</REFTABLE>
     <REFFIELD>WAERK</REFFIELD>
     <DATATYPE>CURR</DATATYPE>
     <LENG>000013</LENG>
     <DECIMALS>000002</DECIMALS>
     <MASK>  CURR</MASK>
    </DD03P>
    <DD03P>
     <TABNAME>ZCO_COSTOOPERCEN</TABNAME>
     <FIELDNAME>CL04</FIELDNAME>
     <POSITION>0009</POSITION>
     <ADMINFIELD>0</ADMINFIELD>
     <INTTYPE>P</INTTYPE>
     <INTLEN>000007</INTLEN>
     <REFTABLE>VBRK</REFTABLE>
     <REFFIELD>WAERK</REFFIELD>
     <DATATYPE>CURR</DATATYPE>
     <LENG>000013</LENG>
     <DECIMALS>000002</DECIMALS>
     <MASK>  CURR</MASK>
    </DD03P>
    <DD03P>
     <TABNAME>ZCO_COSTOOPERCEN</TABNAME>
     <FIELDNAME>CL05</FIELDNAME>
     <POSITION>0010</POSITION>
     <ADMINFIELD>0</ADMINFIELD>
     <INTTYPE>P</INTTYPE>
     <INTLEN>000007</INTLEN>
     <REFTABLE>VBRK</REFTABLE>
     <REFFIELD>WAERK</REFFIELD>
     <DATATYPE>CURR</DATATYPE>
     <LENG>000013</LENG>
     <DECIMALS>000002</DECIMALS>
     <MASK>  CURR</MASK>
    </DD03P>
    <DD03P>
     <TABNAME>ZCO_COSTOOPERCEN</TABNAME>
     <FIELDNAME>CL06</FIELDNAME>
     <POSITION>0011</POSITION>
     <ADMINFIELD>0</ADMINFIELD>
     <INTTYPE>P</INTTYPE>
     <INTLEN>000007</INTLEN>
     <REFTABLE>VBRK</REFTABLE>
     <REFFIELD>WAERK</REFFIELD>
     <DATATYPE>CURR</DATATYPE>
     <LENG>000013</LENG>
     <DECIMALS>000002</DECIMALS>
     <MASK>  CURR</MASK>
    </DD03P>
    <DD03P>
     <TABNAME>ZCO_COSTOOPERCEN</TABNAME>
     <FIELDNAME>CL07</FIELDNAME>
     <POSITION>0012</POSITION>
     <ADMINFIELD>0</ADMINFIELD>
     <INTTYPE>P</INTTYPE>
     <INTLEN>000007</INTLEN>
     <REFTABLE>VBRK</REFTABLE>
     <REFFIELD>WAERK</REFFIELD>
     <DATATYPE>CURR</DATATYPE>
     <LENG>000013</LENG>
     <DECIMALS>000002</DECIMALS>
     <MASK>  CURR</MASK>
    </DD03P>
    <DD03P>
     <TABNAME>ZCO_COSTOOPERCEN</TABNAME>
     <FIELDNAME>CL08</FIELDNAME>
     <POSITION>0013</POSITION>
     <ADMINFIELD>0</ADMINFIELD>
     <INTTYPE>P</INTTYPE>
     <INTLEN>000007</INTLEN>
     <REFTABLE>VBRK</REFTABLE>
     <REFFIELD>WAERK</REFFIELD>
     <DATATYPE>CURR</DATATYPE>
     <LENG>000013</LENG>
     <DECIMALS>000002</DECIMALS>
     <MASK>  CURR</MASK>
    </DD03P>
    <DD03P>
     <TABNAME>ZCO_COSTOOPERCEN</TABNAME>
     <FIELDNAME>CL09</FIELDNAME>
     <POSITION>0014</POSITION>
     <ADMINFIELD>0</ADMINFIELD>
     <INTTYPE>P</INTTYPE>
     <INTLEN>000007</INTLEN>
     <REFTABLE>VBRK</REFTABLE>
     <REFFIELD>WAERK</REFFIELD>
     <DATATYPE>CURR</DATATYPE>
     <LENG>000013</LENG>
     <DECIMALS>000002</DECIMALS>
     <MASK>  CURR</MASK>
    </DD03P>
    <DD03P>
     <TABNAME>ZCO_COSTOOPERCEN</TABNAME>
     <FIELDNAME>CL10</FIELDNAME>
     <POSITION>0015</POSITION>
     <ADMINFIELD>0</ADMINFIELD>
     <INTTYPE>P</INTTYPE>
     <INTLEN>000007</INTLEN>
     <REFTABLE>VBRK</REFTABLE>
     <REFFIELD>WAERK</REFFIELD>
     <DATATYPE>CURR</DATATYPE>
     <LENG>000013</LENG>
     <DECIMALS>000002</DECIMALS>
     <MASK>  CURR</MASK>
    </DD03P>
    <DD03P>
     <TABNAME>ZCO_COSTOOPERCEN</TABNAME>
     <FIELDNAME>CL11</FIELDNAME>
     <POSITION>0016</POSITION>
     <ADMINFIELD>0</ADMINFIELD>
     <INTTYPE>P</INTTYPE>
     <INTLEN>000007</INTLEN>
     <REFTABLE>VBRK</REFTABLE>
     <REFFIELD>WAERK</REFFIELD>
     <DATATYPE>CURR</DATATYPE>
     <LENG>000013</LENG>
     <DECIMALS>000002</DECIMALS>
     <MASK>  CURR</MASK>
    </DD03P>
    <DD03P>
     <TABNAME>ZCO_COSTOOPERCEN</TABNAME>
     <FIELDNAME>CL12</FIELDNAME>
     <POSITION>0017</POSITION>
     <ADMINFIELD>0</ADMINFIELD>
     <INTTYPE>P</INTTYPE>
     <INTLEN>000007</INTLEN>
     <REFTABLE>VBRK</REFTABLE>
     <REFFIELD>WAERK</REFFIELD>
     <DATATYPE>CURR</DATATYPE>
     <LENG>000013</LENG>
     <DECIMALS>000002</DECIMALS>
     <MASK>  CURR</MASK>
    </DD03P>
   </DD03P_TABLE>
   <DD05M_TABLE>
    <DD05M>
     <TABNAME>ZCO_COSTOOPERCEN</TABNAME>
     <FIELDNAME>VKORG</FIELDNAME>
     <FORTABLE>ZCO_COSTOOPERCEN</FORTABLE>
     <FORKEY>MANDT</FORKEY>
     <CHECKTABLE>TVKO</CHECKTABLE>
     <CHECKFIELD>MANDT</CHECKFIELD>
     <PRIMPOS>0001</PRIMPOS>
     <DOMNAME>MANDT</DOMNAME>
     <DATATYPE>CLNT</DATATYPE>
     <LENG>000003</LENG>
    </DD05M>
    <DD05M>
     <TABNAME>ZCO_COSTOOPERCEN</TABNAME>
     <FIELDNAME>VKORG</FIELDNAME>
     <FORTABLE>ZCO_COSTOOPERCEN</FORTABLE>
     <FORKEY>VKORG</FORKEY>
     <CHECKTABLE>TVKO</CHECKTABLE>
     <CHECKFIELD>VKORG</CHECKFIELD>
     <PRIMPOS>0002</PRIMPOS>
     <DOMNAME>VKORG</DOMNAME>
     <DATATYPE>CHAR</DATATYPE>
     <LENG>000004</LENG>
    </DD05M>
    <DD05M>
     <TABNAME>ZCO_COSTOOPERCEN</TABNAME>
     <FIELDNAME>VTWEG</FIELDNAME>
     <FORTABLE>ZCO_COSTOOPERCEN</FORTABLE>
     <FORKEY>MANDT</FORKEY>
     <CHECKTABLE>TVTW</CHECKTABLE>
     <CHECKFIELD>MANDT</CHECKFIELD>
     <PRIMPOS>0001</PRIMPOS>
     <DOMNAME>MANDT</DOMNAME>
     <DATATYPE>CLNT</DATATYPE>
     <LENG>000003</LENG>
    </DD05M>
    <DD05M>
     <TABNAME>ZCO_COSTOOPERCEN</TABNAME>
     <FIELDNAME>VTWEG</FIELDNAME>
     <FORTABLE>ZCO_COSTOOPERCEN</FORTABLE>
     <FORKEY>VTWEG</FORKEY>
     <CHECKTABLE>TVTW</CHECKTABLE>
     <CHECKFIELD>VTWEG</CHECKFIELD>
     <PRIMPOS>0002</PRIMPOS>
     <DOMNAME>VTWEG</DOMNAME>
     <DATATYPE>CHAR</DATATYPE>
     <LENG>000002</LENG>
    </DD05M>
    <DD05M>
     <TABNAME>ZCO_COSTOOPERCEN</TABNAME>
     <FIELDNAME>WERKS</FIELDNAME>
     <FORTABLE>ZCO_COSTOOPERCEN</FORTABLE>
     <FORKEY>MANDT</FORKEY>
     <CHECKTABLE>T001W</CHECKTABLE>
     <CHECKFIELD>MANDT</CHECKFIELD>
     <PRIMPOS>0001</PRIMPOS>
     <DOMNAME>MANDT</DOMNAME>
     <DATATYPE>CLNT</DATATYPE>
     <LENG>000003</LENG>
    </DD05M>
    <DD05M>
     <TABNAME>ZCO_COSTOOPERCEN</TABNAME>
     <FIELDNAME>WERKS</FIELDNAME>
     <FORTABLE>ZCO_COSTOOPERCEN</FORTABLE>
     <FORKEY>WERKS</FORKEY>
     <CHECKTABLE>T001W</CHECKTABLE>
     <CHECKFIELD>WERKS</CHECKFIELD>
     <PRIMPOS>0002</PRIMPOS>
     <DOMNAME>WERKS</DOMNAME>
     <DATATYPE>CHAR</DATATYPE>
     <LENG>000004</LENG>
    </DD05M>
   </DD05M_TABLE>
   <DD08V_TABLE>
    <DD08V>
     <TABNAME>ZCO_COSTOOPERCEN</TABNAME>
     <FIELDNAME>VKORG</FIELDNAME>
     <CHECKTABLE>TVKO</CHECKTABLE>
    </DD08V>
    <DD08V>
     <TABNAME>ZCO_COSTOOPERCEN</TABNAME>
     <FIELDNAME>VTWEG</FIELDNAME>
     <CHECKTABLE>TVTW</CHECKTABLE>
    </DD08V>
    <DD08V>
     <TABNAME>ZCO_COSTOOPERCEN</TABNAME>
     <FIELDNAME>WERKS</FIELDNAME>
     <CHECKTABLE>T001W</CHECKTABLE>
    </DD08V>
   </DD08V_TABLE>
   <I18N_LANGS>
    <LANGU>S</LANGU>
   </I18N_LANGS>
   <DD02_TEXTS>
    <item>
     <DDLANGUAGE>S</DDLANGUAGE>
     <DDTEXT>Costos operacionales por Centro</DDTEXT>
    </item>
   </DD02_TEXTS>
   <TABL_EXTRAS>
    <TDDAT>
     <TABNAME>ZCO_COSTOOPERCEN</TABNAME>
     <CCLASS>&amp;NC&amp;</CCLASS>
    </TDDAT>
   </TABL_EXTRAS>
  </asx:values>
 </asx:abap>
</abapGit>
