﻿<?xml version="1.0" encoding="utf-8"?>
<abapGit version="v1.0.0" serializer="LCL_OBJECT_FUGR" serializer_version="v1.0.0">
 <asx:abap xmlns:asx="http://www.sap.com/abapxml" version="1.0">
  <asx:values>
   <INCLUDES>
    <SOBJ_NAME>LZCO_COSTOOPERCENF00</SOBJ_NAME>
    <SOBJ_NAME>LZCO_COSTOOPERCENI00</SOBJ_NAME>
    <SOBJ_NAME>LZCO_COSTOOPERCENTOP</SOBJ_NAME>
    <SOBJ_NAME>LZCO_COSTOOPERCENT00</SOBJ_NAME>
    <SOBJ_NAME>SAPLZCO_COSTOOPERCEN</SOBJ_NAME>
   </INCLUDES>
   <FUNCTIONS>
    <item>
     <FUNCNAME>TABLEFRAME_ZCO_COSTOOPERCEN</FUNCNAME>
     <IMPORT>
      <RSIMP>
       <PARAMETER>VIEW_ACTION</PARAMETER>
       <DEFAULT>&apos;S&apos;</DEFAULT>
      </RSIMP>
      <RSIMP>
       <PARAMETER>VIEW_NAME</PARAMETER>
       <DBFIELD>DD02V-TABNAME</DBFIELD>
      </RSIMP>
      <RSIMP>
       <PARAMETER>CORR_NUMBER</PARAMETER>
       <DBFIELD>E070-TRKORR</DBFIELD>
       <DEFAULT>&apos; &apos;</DEFAULT>
      </RSIMP>
     </IMPORT>
     <TABLES>
      <RSTBL>
       <PARAMETER>DBA_SELLIST</PARAMETER>
       <DBSTRUCT>VIMSELLIST</DBSTRUCT>
      </RSTBL>
      <RSTBL>
       <PARAMETER>DPL_SELLIST</PARAMETER>
       <DBSTRUCT>VIMSELLIST</DBSTRUCT>
      </RSTBL>
      <RSTBL>
       <PARAMETER>EXCL_CUA_FUNCT</PARAMETER>
       <DBSTRUCT>VIMEXCLFUN</DBSTRUCT>
      </RSTBL>
      <RSTBL>
       <PARAMETER>X_HEADER</PARAMETER>
       <DBSTRUCT>VIMDESC</DBSTRUCT>
      </RSTBL>
      <RSTBL>
       <PARAMETER>X_NAMTAB</PARAMETER>
       <DBSTRUCT>VIMNAMTAB</DBSTRUCT>
      </RSTBL>
     </TABLES>
     <EXCEPTION>
      <RSEXC>
       <EXCEPTION>MISSING_CORR_NUMBER</EXCEPTION>
      </RSEXC>
     </EXCEPTION>
     <DOCUMENTATION>
      <RSFDO>
       <PARAMETER>VIEW_ACTION</PARAMETER>
       <KIND>P</KIND>
      </RSFDO>
      <RSFDO>
       <PARAMETER>VIEW_NAME</PARAMETER>
       <KIND>P</KIND>
      </RSFDO>
      <RSFDO>
       <PARAMETER>CORR_NUMBER</PARAMETER>
       <KIND>P</KIND>
      </RSFDO>
      <RSFDO>
       <PARAMETER>DBA_SELLIST</PARAMETER>
       <KIND>P</KIND>
      </RSFDO>
      <RSFDO>
       <PARAMETER>DPL_SELLIST</PARAMETER>
       <KIND>P</KIND>
      </RSFDO>
      <RSFDO>
       <PARAMETER>EXCL_CUA_FUNCT</PARAMETER>
       <KIND>P</KIND>
      </RSFDO>
      <RSFDO>
       <PARAMETER>X_HEADER</PARAMETER>
       <KIND>P</KIND>
      </RSFDO>
      <RSFDO>
       <PARAMETER>X_NAMTAB</PARAMETER>
       <KIND>P</KIND>
      </RSFDO>
      <RSFDO>
       <PARAMETER>MISSING_CORR_NUMBER</PARAMETER>
       <KIND>X</KIND>
      </RSFDO>
     </DOCUMENTATION>
    </item>
    <item>
     <FUNCNAME>TABLEPROC_ZCO_COSTOOPERCEN</FUNCNAME>
     <GLOBAL_FLAG>X</GLOBAL_FLAG>
     <IMPORT>
      <RSIMP>
       <PARAMETER>FCODE</PARAMETER>
       <DEFAULT>&apos;RDED&apos;</DEFAULT>
      </RSIMP>
      <RSIMP>
       <PARAMETER>VIEW_ACTION</PARAMETER>
       <DEFAULT>&apos;S&apos;</DEFAULT>
      </RSIMP>
      <RSIMP>
       <PARAMETER>VIEW_NAME</PARAMETER>
       <DBFIELD>DD02V-TABNAME</DBFIELD>
      </RSIMP>
      <RSIMP>
       <PARAMETER>CORR_NUMBER</PARAMETER>
       <DBFIELD>E070-TRKORR</DBFIELD>
       <DEFAULT>&apos; &apos;</DEFAULT>
      </RSIMP>
     </IMPORT>
     <EXPORT>
      <RSEXP>
       <PARAMETER>LAST_ACT_ENTRY</PARAMETER>
      </RSEXP>
      <RSEXP>
       <PARAMETER>UCOMM</PARAMETER>
      </RSEXP>
      <RSEXP>
       <PARAMETER>UPDATE_REQUIRED</PARAMETER>
      </RSEXP>
     </EXPORT>
     <TABLES>
      <RSTBL>
       <PARAMETER>CORR_KEYTAB</PARAMETER>
       <DBSTRUCT>E071K</DBSTRUCT>
      </RSTBL>
      <RSTBL>
       <PARAMETER>DBA_SELLIST</PARAMETER>
       <DBSTRUCT>VIMSELLIST</DBSTRUCT>
      </RSTBL>
      <RSTBL>
       <PARAMETER>DPL_SELLIST</PARAMETER>
       <DBSTRUCT>VIMSELLIST</DBSTRUCT>
      </RSTBL>
      <RSTBL>
       <PARAMETER>EXCL_CUA_FUNCT</PARAMETER>
       <DBSTRUCT>VIMEXCLFUN</DBSTRUCT>
      </RSTBL>
      <RSTBL>
       <PARAMETER>EXTRACT</PARAMETER>
      </RSTBL>
      <RSTBL>
       <PARAMETER>TOTAL</PARAMETER>
      </RSTBL>
      <RSTBL>
       <PARAMETER>X_HEADER</PARAMETER>
       <DBSTRUCT>VIMDESC</DBSTRUCT>
      </RSTBL>
      <RSTBL>
       <PARAMETER>X_NAMTAB</PARAMETER>
       <DBSTRUCT>VIMNAMTAB</DBSTRUCT>
      </RSTBL>
     </TABLES>
     <EXCEPTION>
      <RSEXC>
       <EXCEPTION>MISSING_CORR_NUMBER</EXCEPTION>
      </RSEXC>
      <RSEXC>
       <EXCEPTION>SAVING_CORRECTION_FAILED</EXCEPTION>
      </RSEXC>
     </EXCEPTION>
     <DOCUMENTATION>
      <RSFDO>
       <PARAMETER>FCODE</PARAMETER>
       <KIND>P</KIND>
      </RSFDO>
      <RSFDO>
       <PARAMETER>VIEW_ACTION</PARAMETER>
       <KIND>P</KIND>
      </RSFDO>
      <RSFDO>
       <PARAMETER>VIEW_NAME</PARAMETER>
       <KIND>P</KIND>
      </RSFDO>
      <RSFDO>
       <PARAMETER>CORR_NUMBER</PARAMETER>
       <KIND>P</KIND>
      </RSFDO>
      <RSFDO>
       <PARAMETER>LAST_ACT_ENTRY</PARAMETER>
       <KIND>P</KIND>
      </RSFDO>
      <RSFDO>
       <PARAMETER>UCOMM</PARAMETER>
       <KIND>P</KIND>
      </RSFDO>
      <RSFDO>
       <PARAMETER>UPDATE_REQUIRED</PARAMETER>
       <KIND>P</KIND>
      </RSFDO>
      <RSFDO>
       <PARAMETER>CORR_KEYTAB</PARAMETER>
       <KIND>P</KIND>
      </RSFDO>
      <RSFDO>
       <PARAMETER>DBA_SELLIST</PARAMETER>
       <KIND>P</KIND>
      </RSFDO>
      <RSFDO>
       <PARAMETER>DPL_SELLIST</PARAMETER>
       <KIND>P</KIND>
      </RSFDO>
      <RSFDO>
       <PARAMETER>EXCL_CUA_FUNCT</PARAMETER>
       <KIND>P</KIND>
      </RSFDO>
      <RSFDO>
       <PARAMETER>EXTRACT</PARAMETER>
       <KIND>P</KIND>
      </RSFDO>
      <RSFDO>
       <PARAMETER>TOTAL</PARAMETER>
       <KIND>P</KIND>
      </RSFDO>
      <RSFDO>
       <PARAMETER>X_HEADER</PARAMETER>
       <KIND>P</KIND>
      </RSFDO>
      <RSFDO>
       <PARAMETER>X_NAMTAB</PARAMETER>
       <KIND>P</KIND>
      </RSFDO>
      <RSFDO>
       <PARAMETER>MISSING_CORR_NUMBER</PARAMETER>
       <KIND>X</KIND>
      </RSFDO>
      <RSFDO>
       <PARAMETER>SAVING_CORRECTION_FAILED</PARAMETER>
       <KIND>X</KIND>
      </RSFDO>
     </DOCUMENTATION>
    </item>
   </FUNCTIONS>
   <DYNPROS>
    <item>
     <HEADER>
      <PROGRAM>SAPLZCO_COSTOOPERCEN</PROGRAM>
      <SCREEN>0001</SCREEN>
      <LANGUAGE>S</LANGUAGE>
      <DESCRIPT>Act.vistas: Imagen resumen ZCO_COSTOOPERCEN</DESCRIPT>
      <TYPE>N</TYPE>
      <NEXTSCREEN>0001</NEXTSCREEN>
      <LINES>061</LINES>
      <COLUMNS>255</COLUMNS>
     </HEADER>
     <CONTAINERS>
      <RPY_DYCATT>
       <TYPE>SCREEN</TYPE>
       <NAME>SCREEN</NAME>
      </RPY_DYCATT>
      <RPY_DYCATT>
       <TYPE>TABLE_CTRL</TYPE>
       <NAME>TCTRL_ZCO_COSTOOPERCEN</NAME>
       <ELEMENT_OF>SCREEN</ELEMENT_OF>
       <LINE>001</LINE>
       <COLUMN>001</COLUMN>
       <LENGTH>255</LENGTH>
       <HEIGHT>059</HEIGHT>
       <C_RESIZE_V>X</C_RESIZE_V>
       <C_RESIZE_H>X</C_RESIZE_H>
       <C_SCROLL_V>X</C_SCROLL_V>
       <C_SCROLL_H>X</C_SCROLL_H>
       <TC_TABTYPE>ENTRY</TC_TABTYPE>
       <TC_SEPAR_V>X</TC_SEPAR_V>
       <TC_SEPAR_H>X</TC_SEPAR_H>
       <TC_TITLE>X</TC_TITLE>
       <TC_HEADER>X</TC_HEADER>
       <TC_CONFIG>X</TC_CONFIG>
       <TC_SEL_LNS>MULTIPLE</TC_SEL_LNS>
       <TC_SEL_CLS>NONE</TC_SEL_CLS>
       <TC_LSEL_CL>X</TC_LSEL_CL>
       <TC_FIXCOL>004</TC_FIXCOL>
      </RPY_DYCATT>
     </CONTAINERS>
     <FIELDS>
      <RPY_DYFATC>
       <CONT_TYPE>SCREEN</CONT_TYPE>
       <CONT_NAME>SCREEN</CONT_NAME>
       <TYPE>PUSH_TMPL</TYPE>
       <NAME>VIM_POSI_PUSH</NAME>
       <TEXT>____________________</TEXT>
       <LINE>061</LINE>
       <COLUMN>019</COLUMN>
       <LENGTH>020</LENGTH>
       <VISLENGTH>020</VISLENGTH>
       <HEIGHT>001</HEIGHT>
       <PUSH_FCODE>POSI</PUSH_FCODE>
       <FORMAT>CHAR</FORMAT>
       <OUTPUT_FLD>X</OUTPUT_FLD>
       <REQU_ENTRY>N</REQU_ENTRY>
      </RPY_DYFATC>
      <RPY_DYFATC>
       <CONT_TYPE>SCREEN</CONT_TYPE>
       <CONT_NAME>SCREEN</CONT_NAME>
       <TYPE>TEMPLATE</TYPE>
       <NAME>VIM_POSITION_INFO</NAME>
       <TEXT>______________________________</TEXT>
       <LINE>061</LINE>
       <COLUMN>040</COLUMN>
       <LENGTH>030</LENGTH>
       <VISLENGTH>030</VISLENGTH>
       <HEIGHT>001</HEIGHT>
       <FORMAT>CHAR</FORMAT>
       <UP_LOWER>X</UP_LOWER>
       <OUTPUT_FLD>X</OUTPUT_FLD>
       <OUTPUTONLY>X</OUTPUTONLY>
       <REQU_ENTRY>N</REQU_ENTRY>
       <_--32_DIMENS>X</_--32_DIMENS>
      </RPY_DYFATC>
      <RPY_DYFATC>
       <CONT_TYPE>SCREEN</CONT_TYPE>
       <CONT_NAME>SCREEN</CONT_NAME>
       <TYPE>OKCODE</TYPE>
       <NAME>OK_CODE</NAME>
       <TEXT>____________________</TEXT>
       <LENGTH>020</LENGTH>
       <VISLENGTH>020</VISLENGTH>
       <HEIGHT>001</HEIGHT>
       <FORMAT>CHAR</FORMAT>
       <INPUT_FLD>X</INPUT_FLD>
      </RPY_DYFATC>
      <RPY_DYFATC>
       <CONT_TYPE>TABLE_CTRL</CONT_TYPE>
       <CONT_NAME>TCTRL_ZCO_COSTOOPERCEN</CONT_NAME>
       <TYPE>TEMPLATE</TYPE>
       <NAME>VIM_FRAME_FIELD</NAME>
       <TEXT>____________________________________________________________</TEXT>
       <LINE>001</LINE>
       <LENGTH>060</LENGTH>
       <VISLENGTH>060</VISLENGTH>
       <HEIGHT>001</HEIGHT>
       <FORMAT>CHAR</FORMAT>
       <UP_LOWER>X</UP_LOWER>
       <OUTPUT_FLD>X</OUTPUT_FLD>
       <REQU_ENTRY>N</REQU_ENTRY>
       <TC_TITLE>X</TC_TITLE>
      </RPY_DYFATC>
      <RPY_DYFATC>
       <CONT_TYPE>TABLE_CTRL</CONT_TYPE>
       <CONT_NAME>TCTRL_ZCO_COSTOOPERCEN</CONT_NAME>
       <TYPE>TEXT</TYPE>
       <NAME>*ZCO_COSTOOPERCEN-VKORG</NAME>
       <TEXT>Org.Vtas._______________________________</TEXT>
       <LINE>001</LINE>
       <COLUMN>001</COLUMN>
       <LENGTH>040</LENGTH>
       <VISLENGTH>008</VISLENGTH>
       <HEIGHT>001</HEIGHT>
       <FORMAT>CHAR</FORMAT>
       <FROM_DICT>X</FROM_DICT>
       <MODIFIC>F</MODIFIC>
       <REQU_ENTRY>N</REQU_ENTRY>
       <TC_HEADING>X</TC_HEADING>
      </RPY_DYFATC>
      <RPY_DYFATC>
       <CONT_TYPE>TABLE_CTRL</CONT_TYPE>
       <CONT_NAME>TCTRL_ZCO_COSTOOPERCEN</CONT_NAME>
       <TYPE>TEXT</TYPE>
       <NAME>*ZCO_COSTOOPERCEN-WERKS</NAME>
       <TEXT>Centro_________</TEXT>
       <LINE>001</LINE>
       <COLUMN>002</COLUMN>
       <LENGTH>015</LENGTH>
       <VISLENGTH>006</VISLENGTH>
       <HEIGHT>001</HEIGHT>
       <FORMAT>CHAR</FORMAT>
       <FROM_DICT>X</FROM_DICT>
       <MODIFIC>F</MODIFIC>
       <REQU_ENTRY>N</REQU_ENTRY>
       <TC_HEADING>X</TC_HEADING>
      </RPY_DYFATC>
      <RPY_DYFATC>
       <CONT_TYPE>TABLE_CTRL</CONT_TYPE>
       <CONT_NAME>TCTRL_ZCO_COSTOOPERCEN</CONT_NAME>
       <TYPE>TEXT</TYPE>
       <NAME>*ZCO_COSTOOPERCEN-VTWEG</NAME>
       <TEXT>Canal</TEXT>
       <LINE>001</LINE>
       <COLUMN>003</COLUMN>
       <LENGTH>005</LENGTH>
       <VISLENGTH>006</VISLENGTH>
       <HEIGHT>001</HEIGHT>
       <FORMAT>CHAR</FORMAT>
       <FROM_DICT>X</FROM_DICT>
       <MODIFIC>F</MODIFIC>
       <REQU_ENTRY>N</REQU_ENTRY>
       <TC_HEADING>X</TC_HEADING>
      </RPY_DYFATC>
      <RPY_DYFATC>
       <CONT_TYPE>TABLE_CTRL</CONT_TYPE>
       <CONT_NAME>TCTRL_ZCO_COSTOOPERCEN</CONT_NAME>
       <TYPE>TEXT</TYPE>
       <NAME>*ZCO_COSTOOPERCEN-ANO</NAME>
       <TEXT>Año_</TEXT>
       <LINE>001</LINE>
       <COLUMN>004</COLUMN>
       <LENGTH>004</LENGTH>
       <VISLENGTH>006</VISLENGTH>
       <HEIGHT>001</HEIGHT>
       <FORMAT>CHAR</FORMAT>
       <FROM_DICT>X</FROM_DICT>
       <MODIFIC>F</MODIFIC>
       <REQU_ENTRY>N</REQU_ENTRY>
       <TC_HEADING>X</TC_HEADING>
      </RPY_DYFATC>
      <RPY_DYFATC>
       <CONT_TYPE>TABLE_CTRL</CONT_TYPE>
       <CONT_NAME>TCTRL_ZCO_COSTOOPERCEN</CONT_NAME>
       <TYPE>TEXT</TYPE>
       <NAME>*ZCO_COSTOOPERCEN-CL01</NAME>
       <TEXT>Enero</TEXT>
       <LINE>001</LINE>
       <COLUMN>005</COLUMN>
       <LENGTH>005</LENGTH>
       <VISLENGTH>010</VISLENGTH>
       <HEIGHT>001</HEIGHT>
       <FORMAT>CHAR</FORMAT>
       <REQU_ENTRY>N</REQU_ENTRY>
       <TC_HEADING>X</TC_HEADING>
      </RPY_DYFATC>
      <RPY_DYFATC>
       <CONT_TYPE>TABLE_CTRL</CONT_TYPE>
       <CONT_NAME>TCTRL_ZCO_COSTOOPERCEN</CONT_NAME>
       <TYPE>TEXT</TYPE>
       <NAME>*ZCO_COSTOOPERCEN-CL02</NAME>
       <TEXT>Febrero_______________________________</TEXT>
       <LINE>001</LINE>
       <COLUMN>006</COLUMN>
       <LENGTH>038</LENGTH>
       <VISLENGTH>010</VISLENGTH>
       <HEIGHT>001</HEIGHT>
       <FORMAT>CHAR</FORMAT>
       <REQU_ENTRY>N</REQU_ENTRY>
       <TC_HEADING>X</TC_HEADING>
      </RPY_DYFATC>
      <RPY_DYFATC>
       <CONT_TYPE>TABLE_CTRL</CONT_TYPE>
       <CONT_NAME>TCTRL_ZCO_COSTOOPERCEN</CONT_NAME>
       <TYPE>TEXT</TYPE>
       <NAME>*ZCO_COSTOOPERCEN-CL03</NAME>
       <TEXT>Marzo</TEXT>
       <LINE>001</LINE>
       <COLUMN>007</COLUMN>
       <LENGTH>005</LENGTH>
       <VISLENGTH>010</VISLENGTH>
       <HEIGHT>001</HEIGHT>
       <FORMAT>CHAR</FORMAT>
       <REQU_ENTRY>N</REQU_ENTRY>
       <TC_HEADING>X</TC_HEADING>
      </RPY_DYFATC>
      <RPY_DYFATC>
       <CONT_TYPE>TABLE_CTRL</CONT_TYPE>
       <CONT_NAME>TCTRL_ZCO_COSTOOPERCEN</CONT_NAME>
       <TYPE>TEXT</TYPE>
       <NAME>*ZCO_COSTOOPERCEN-CL04</NAME>
       <TEXT>Abril______________________________</TEXT>
       <LINE>001</LINE>
       <COLUMN>008</COLUMN>
       <LENGTH>035</LENGTH>
       <VISLENGTH>010</VISLENGTH>
       <HEIGHT>001</HEIGHT>
       <FORMAT>CHAR</FORMAT>
       <REQU_ENTRY>N</REQU_ENTRY>
       <TC_HEADING>X</TC_HEADING>
      </RPY_DYFATC>
      <RPY_DYFATC>
       <CONT_TYPE>TABLE_CTRL</CONT_TYPE>
       <CONT_NAME>TCTRL_ZCO_COSTOOPERCEN</CONT_NAME>
       <TYPE>TEXT</TYPE>
       <NAME>*ZCO_COSTOOPERCEN-CL05</NAME>
       <TEXT>Mayo_________________________________</TEXT>
       <LINE>001</LINE>
       <COLUMN>009</COLUMN>
       <LENGTH>037</LENGTH>
       <VISLENGTH>010</VISLENGTH>
       <HEIGHT>001</HEIGHT>
       <FORMAT>CHAR</FORMAT>
       <REQU_ENTRY>N</REQU_ENTRY>
       <TC_HEADING>X</TC_HEADING>
      </RPY_DYFATC>
      <RPY_DYFATC>
       <CONT_TYPE>TABLE_CTRL</CONT_TYPE>
       <CONT_NAME>TCTRL_ZCO_COSTOOPERCEN</CONT_NAME>
       <TYPE>TEXT</TYPE>
       <NAME>*ZCO_COSTOOPERCEN-CL06</NAME>
       <TEXT>Junio________________________</TEXT>
       <LINE>001</LINE>
       <COLUMN>010</COLUMN>
       <LENGTH>029</LENGTH>
       <VISLENGTH>010</VISLENGTH>
       <HEIGHT>001</HEIGHT>
       <FORMAT>CHAR</FORMAT>
       <REQU_ENTRY>N</REQU_ENTRY>
       <TC_HEADING>X</TC_HEADING>
      </RPY_DYFATC>
      <RPY_DYFATC>
       <CONT_TYPE>TABLE_CTRL</CONT_TYPE>
       <CONT_NAME>TCTRL_ZCO_COSTOOPERCEN</CONT_NAME>
       <TYPE>TEXT</TYPE>
       <NAME>*ZCO_COSTOOPERCEN-CL07</NAME>
       <TEXT>Julio_____________________</TEXT>
       <LINE>001</LINE>
       <COLUMN>011</COLUMN>
       <LENGTH>026</LENGTH>
       <VISLENGTH>010</VISLENGTH>
       <HEIGHT>001</HEIGHT>
       <FORMAT>CHAR</FORMAT>
       <REQU_ENTRY>N</REQU_ENTRY>
       <TC_HEADING>X</TC_HEADING>
      </RPY_DYFATC>
      <RPY_DYFATC>
       <CONT_TYPE>TABLE_CTRL</CONT_TYPE>
       <CONT_NAME>TCTRL_ZCO_COSTOOPERCEN</CONT_NAME>
       <TYPE>TEXT</TYPE>
       <NAME>*ZCO_COSTOOPERCEN-CL08</NAME>
       <TEXT>Agosto______________________</TEXT>
       <LINE>001</LINE>
       <COLUMN>012</COLUMN>
       <LENGTH>028</LENGTH>
       <VISLENGTH>010</VISLENGTH>
       <HEIGHT>001</HEIGHT>
       <FORMAT>CHAR</FORMAT>
       <REQU_ENTRY>N</REQU_ENTRY>
       <TC_HEADING>X</TC_HEADING>
      </RPY_DYFATC>
      <RPY_DYFATC>
       <CONT_TYPE>TABLE_CTRL</CONT_TYPE>
       <CONT_NAME>TCTRL_ZCO_COSTOOPERCEN</CONT_NAME>
       <TYPE>TEXT</TYPE>
       <NAME>*ZCO_COSTOOPERCEN-CL09</NAME>
       <TEXT>Septiembre_____________________________</TEXT>
       <LINE>001</LINE>
       <COLUMN>013</COLUMN>
       <LENGTH>039</LENGTH>
       <VISLENGTH>010</VISLENGTH>
       <HEIGHT>001</HEIGHT>
       <FORMAT>CHAR</FORMAT>
       <REQU_ENTRY>N</REQU_ENTRY>
       <TC_HEADING>X</TC_HEADING>
      </RPY_DYFATC>
      <RPY_DYFATC>
       <CONT_TYPE>TABLE_CTRL</CONT_TYPE>
       <CONT_NAME>TCTRL_ZCO_COSTOOPERCEN</CONT_NAME>
       <TYPE>TEXT</TYPE>
       <NAME>*ZCO_COSTOOPERCEN-CL10</NAME>
       <TEXT>Octubre___________________________</TEXT>
       <LINE>001</LINE>
       <COLUMN>014</COLUMN>
       <LENGTH>034</LENGTH>
       <VISLENGTH>010</VISLENGTH>
       <HEIGHT>001</HEIGHT>
       <FORMAT>CHAR</FORMAT>
       <REQU_ENTRY>N</REQU_ENTRY>
       <TC_HEADING>X</TC_HEADING>
      </RPY_DYFATC>
      <RPY_DYFATC>
       <CONT_TYPE>TABLE_CTRL</CONT_TYPE>
       <CONT_NAME>TCTRL_ZCO_COSTOOPERCEN</CONT_NAME>
       <TYPE>TEXT</TYPE>
       <NAME>*ZCO_COSTOOPERCEN-CL11</NAME>
       <TEXT>Noviembre______________________________</TEXT>
       <LINE>001</LINE>
       <COLUMN>015</COLUMN>
       <LENGTH>039</LENGTH>
       <VISLENGTH>010</VISLENGTH>
       <HEIGHT>001</HEIGHT>
       <FORMAT>CHAR</FORMAT>
       <REQU_ENTRY>N</REQU_ENTRY>
       <TC_HEADING>X</TC_HEADING>
      </RPY_DYFATC>
      <RPY_DYFATC>
       <CONT_TYPE>TABLE_CTRL</CONT_TYPE>
       <CONT_NAME>TCTRL_ZCO_COSTOOPERCEN</CONT_NAME>
       <TYPE>TEXT</TYPE>
       <NAME>*ZCO_COSTOOPERCEN-CL12</NAME>
       <TEXT>Diciembre_______________________________</TEXT>
       <LINE>001</LINE>
       <COLUMN>016</COLUMN>
       <LENGTH>040</LENGTH>
       <VISLENGTH>010</VISLENGTH>
       <HEIGHT>001</HEIGHT>
       <FORMAT>CHAR</FORMAT>
       <REQU_ENTRY>N</REQU_ENTRY>
       <TC_HEADING>X</TC_HEADING>
      </RPY_DYFATC>
      <RPY_DYFATC>
       <CONT_TYPE>TABLE_CTRL</CONT_TYPE>
       <CONT_NAME>TCTRL_ZCO_COSTOOPERCEN</CONT_NAME>
       <TYPE>CHECK</TYPE>
       <NAME>VIM_MARKED</NAME>
       <LINE>001</LINE>
       <LENGTH>001</LENGTH>
       <VISLENGTH>001</VISLENGTH>
       <HEIGHT>001</HEIGHT>
       <FORMAT>CHAR</FORMAT>
       <INPUT_FLD>X</INPUT_FLD>
       <OUTPUT_FLD>X</OUTPUT_FLD>
       <TC_SELCOL>X</TC_SELCOL>
      </RPY_DYFATC>
      <RPY_DYFATC>
       <CONT_TYPE>TABLE_CTRL</CONT_TYPE>
       <CONT_NAME>TCTRL_ZCO_COSTOOPERCEN</CONT_NAME>
       <TYPE>TEMPLATE</TYPE>
       <NAME>ZCO_COSTOOPERCEN-VKORG</NAME>
       <TEXT>____</TEXT>
       <LINE>001</LINE>
       <COLUMN>001</COLUMN>
       <LENGTH>004</LENGTH>
       <VISLENGTH>008</VISLENGTH>
       <HEIGHT>001</HEIGHT>
       <GROUP1>KEY</GROUP1>
       <FORMAT>CHAR</FORMAT>
       <FROM_DICT>X</FROM_DICT>
       <MODIFIC>X</MODIFIC>
       <PARAM_ID>VKO</PARAM_ID>
       <FOREIGNKEY>X</FOREIGNKEY>
       <OUTPUT_FLD>X</OUTPUT_FLD>
       <REQU_ENTRY>N</REQU_ENTRY>
       <DICT_I_FKY>X</DICT_I_FKY>
      </RPY_DYFATC>
      <RPY_DYFATC>
       <CONT_TYPE>TABLE_CTRL</CONT_TYPE>
       <CONT_NAME>TCTRL_ZCO_COSTOOPERCEN</CONT_NAME>
       <TYPE>TEMPLATE</TYPE>
       <NAME>ZCO_COSTOOPERCEN-WERKS</NAME>
       <TEXT>____</TEXT>
       <LINE>001</LINE>
       <COLUMN>002</COLUMN>
       <LENGTH>004</LENGTH>
       <VISLENGTH>006</VISLENGTH>
       <HEIGHT>001</HEIGHT>
       <GROUP1>KEY</GROUP1>
       <FORMAT>CHAR</FORMAT>
       <FROM_DICT>X</FROM_DICT>
       <MODIFIC>X</MODIFIC>
       <PARAM_ID>WRK</PARAM_ID>
       <FOREIGNKEY>X</FOREIGNKEY>
       <OUTPUT_FLD>X</OUTPUT_FLD>
       <REQU_ENTRY>N</REQU_ENTRY>
       <DICT_I_FKY>X</DICT_I_FKY>
      </RPY_DYFATC>
      <RPY_DYFATC>
       <CONT_TYPE>TABLE_CTRL</CONT_TYPE>
       <CONT_NAME>TCTRL_ZCO_COSTOOPERCEN</CONT_NAME>
       <TYPE>TEMPLATE</TYPE>
       <NAME>ZCO_COSTOOPERCEN-VTWEG</NAME>
       <TEXT>__</TEXT>
       <LINE>001</LINE>
       <COLUMN>003</COLUMN>
       <LENGTH>002</LENGTH>
       <VISLENGTH>006</VISLENGTH>
       <HEIGHT>001</HEIGHT>
       <GROUP1>KEY</GROUP1>
       <FORMAT>CHAR</FORMAT>
       <FROM_DICT>X</FROM_DICT>
       <MODIFIC>X</MODIFIC>
       <PARAM_ID>VTW</PARAM_ID>
       <FOREIGNKEY>X</FOREIGNKEY>
       <OUTPUT_FLD>X</OUTPUT_FLD>
       <REQU_ENTRY>N</REQU_ENTRY>
       <DICT_I_FKY>X</DICT_I_FKY>
      </RPY_DYFATC>
      <RPY_DYFATC>
       <CONT_TYPE>TABLE_CTRL</CONT_TYPE>
       <CONT_NAME>TCTRL_ZCO_COSTOOPERCEN</CONT_NAME>
       <TYPE>TEMPLATE</TYPE>
       <NAME>ZCO_COSTOOPERCEN-ANO</NAME>
       <TEXT>____</TEXT>
       <LINE>001</LINE>
       <COLUMN>004</COLUMN>
       <LENGTH>004</LENGTH>
       <VISLENGTH>006</VISLENGTH>
       <HEIGHT>001</HEIGHT>
       <GROUP1>KEY</GROUP1>
       <FORMAT>NUMC</FORMAT>
       <FROM_DICT>X</FROM_DICT>
       <MODIFIC>X</MODIFIC>
       <CONV_EXIT>GJAHR</CONV_EXIT>
       <PARAM_ID>GJR</PARAM_ID>
       <OUTPUT_FLD>X</OUTPUT_FLD>
       <REQU_ENTRY>N</REQU_ENTRY>
      </RPY_DYFATC>
      <RPY_DYFATC>
       <CONT_TYPE>TABLE_CTRL</CONT_TYPE>
       <CONT_NAME>TCTRL_ZCO_COSTOOPERCEN</CONT_NAME>
       <TYPE>TEMPLATE</TYPE>
       <NAME>ZCO_COSTOOPERCEN-CL01</NAME>
       <TEXT>_________________</TEXT>
       <LINE>001</LINE>
       <COLUMN>005</COLUMN>
       <LENGTH>017</LENGTH>
       <VISLENGTH>010</VISLENGTH>
       <HEIGHT>001</HEIGHT>
       <FORMAT>CURR</FORMAT>
       <FROM_DICT>X</FROM_DICT>
       <MODIFIC>X</MODIFIC>
       <INPUT_FLD>X</INPUT_FLD>
       <OUTPUT_FLD>X</OUTPUT_FLD>
       <REF_FIELD>VBRK-WAERK</REF_FIELD>
      </RPY_DYFATC>
      <RPY_DYFATC>
       <CONT_TYPE>TABLE_CTRL</CONT_TYPE>
       <CONT_NAME>TCTRL_ZCO_COSTOOPERCEN</CONT_NAME>
       <TYPE>TEMPLATE</TYPE>
       <NAME>ZCO_COSTOOPERCEN-CL02</NAME>
       <TEXT>_________________</TEXT>
       <LINE>001</LINE>
       <COLUMN>006</COLUMN>
       <LENGTH>017</LENGTH>
       <VISLENGTH>010</VISLENGTH>
       <HEIGHT>001</HEIGHT>
       <FORMAT>CURR</FORMAT>
       <FROM_DICT>X</FROM_DICT>
       <MODIFIC>X</MODIFIC>
       <INPUT_FLD>X</INPUT_FLD>
       <OUTPUT_FLD>X</OUTPUT_FLD>
       <REF_FIELD>VBRK-WAERK</REF_FIELD>
      </RPY_DYFATC>
      <RPY_DYFATC>
       <CONT_TYPE>TABLE_CTRL</CONT_TYPE>
       <CONT_NAME>TCTRL_ZCO_COSTOOPERCEN</CONT_NAME>
       <TYPE>TEMPLATE</TYPE>
       <NAME>ZCO_COSTOOPERCEN-CL03</NAME>
       <TEXT>_________________</TEXT>
       <LINE>001</LINE>
       <COLUMN>007</COLUMN>
       <LENGTH>017</LENGTH>
       <VISLENGTH>010</VISLENGTH>
       <HEIGHT>001</HEIGHT>
       <FORMAT>CURR</FORMAT>
       <FROM_DICT>X</FROM_DICT>
       <MODIFIC>X</MODIFIC>
       <INPUT_FLD>X</INPUT_FLD>
       <OUTPUT_FLD>X</OUTPUT_FLD>
       <REF_FIELD>VBRK-WAERK</REF_FIELD>
      </RPY_DYFATC>
      <RPY_DYFATC>
       <CONT_TYPE>TABLE_CTRL</CONT_TYPE>
       <CONT_NAME>TCTRL_ZCO_COSTOOPERCEN</CONT_NAME>
       <TYPE>TEMPLATE</TYPE>
       <NAME>ZCO_COSTOOPERCEN-CL04</NAME>
       <TEXT>_________________</TEXT>
       <LINE>001</LINE>
       <COLUMN>008</COLUMN>
       <LENGTH>017</LENGTH>
       <VISLENGTH>010</VISLENGTH>
       <HEIGHT>001</HEIGHT>
       <FORMAT>CURR</FORMAT>
       <FROM_DICT>X</FROM_DICT>
       <MODIFIC>X</MODIFIC>
       <INPUT_FLD>X</INPUT_FLD>
       <OUTPUT_FLD>X</OUTPUT_FLD>
       <REF_FIELD>VBRK-WAERK</REF_FIELD>
      </RPY_DYFATC>
      <RPY_DYFATC>
       <CONT_TYPE>TABLE_CTRL</CONT_TYPE>
       <CONT_NAME>TCTRL_ZCO_COSTOOPERCEN</CONT_NAME>
       <TYPE>TEMPLATE</TYPE>
       <NAME>ZCO_COSTOOPERCEN-CL05</NAME>
       <TEXT>_________________</TEXT>
       <LINE>001</LINE>
       <COLUMN>009</COLUMN>
       <LENGTH>017</LENGTH>
       <VISLENGTH>010</VISLENGTH>
       <HEIGHT>001</HEIGHT>
       <FORMAT>CURR</FORMAT>
       <FROM_DICT>X</FROM_DICT>
       <MODIFIC>X</MODIFIC>
       <INPUT_FLD>X</INPUT_FLD>
       <OUTPUT_FLD>X</OUTPUT_FLD>
       <REF_FIELD>VBRK-WAERK</REF_FIELD>
      </RPY_DYFATC>
      <RPY_DYFATC>
       <CONT_TYPE>TABLE_CTRL</CONT_TYPE>
       <CONT_NAME>TCTRL_ZCO_COSTOOPERCEN</CONT_NAME>
       <TYPE>TEMPLATE</TYPE>
       <NAME>ZCO_COSTOOPERCEN-CL06</NAME>
       <TEXT>_________________</TEXT>
       <LINE>001</LINE>
       <COLUMN>010</COLUMN>
       <LENGTH>017</LENGTH>
       <VISLENGTH>010</VISLENGTH>
       <HEIGHT>001</HEIGHT>
       <FORMAT>CURR</FORMAT>
       <FROM_DICT>X</FROM_DICT>
       <MODIFIC>X</MODIFIC>
       <INPUT_FLD>X</INPUT_FLD>
       <OUTPUT_FLD>X</OUTPUT_FLD>
       <REF_FIELD>VBRK-WAERK</REF_FIELD>
      </RPY_DYFATC>
      <RPY_DYFATC>
       <CONT_TYPE>TABLE_CTRL</CONT_TYPE>
       <CONT_NAME>TCTRL_ZCO_COSTOOPERCEN</CONT_NAME>
       <TYPE>TEMPLATE</TYPE>
       <NAME>ZCO_COSTOOPERCEN-CL07</NAME>
       <TEXT>_________________</TEXT>
       <LINE>001</LINE>
       <COLUMN>011</COLUMN>
       <LENGTH>017</LENGTH>
       <VISLENGTH>010</VISLENGTH>
       <HEIGHT>001</HEIGHT>
       <FORMAT>CURR</FORMAT>
       <FROM_DICT>X</FROM_DICT>
       <MODIFIC>X</MODIFIC>
       <INPUT_FLD>X</INPUT_FLD>
       <OUTPUT_FLD>X</OUTPUT_FLD>
       <REF_FIELD>VBRK-WAERK</REF_FIELD>
      </RPY_DYFATC>
      <RPY_DYFATC>
       <CONT_TYPE>TABLE_CTRL</CONT_TYPE>
       <CONT_NAME>TCTRL_ZCO_COSTOOPERCEN</CONT_NAME>
       <TYPE>TEMPLATE</TYPE>
       <NAME>ZCO_COSTOOPERCEN-CL08</NAME>
       <TEXT>_________________</TEXT>
       <LINE>001</LINE>
       <COLUMN>012</COLUMN>
       <LENGTH>017</LENGTH>
       <VISLENGTH>010</VISLENGTH>
       <HEIGHT>001</HEIGHT>
       <FORMAT>CURR</FORMAT>
       <FROM_DICT>X</FROM_DICT>
       <MODIFIC>X</MODIFIC>
       <INPUT_FLD>X</INPUT_FLD>
       <OUTPUT_FLD>X</OUTPUT_FLD>
       <REF_FIELD>VBRK-WAERK</REF_FIELD>
      </RPY_DYFATC>
      <RPY_DYFATC>
       <CONT_TYPE>TABLE_CTRL</CONT_TYPE>
       <CONT_NAME>TCTRL_ZCO_COSTOOPERCEN</CONT_NAME>
       <TYPE>TEMPLATE</TYPE>
       <NAME>ZCO_COSTOOPERCEN-CL09</NAME>
       <TEXT>_________________</TEXT>
       <LINE>001</LINE>
       <COLUMN>013</COLUMN>
       <LENGTH>017</LENGTH>
       <VISLENGTH>010</VISLENGTH>
       <HEIGHT>001</HEIGHT>
       <FORMAT>CURR</FORMAT>
       <FROM_DICT>X</FROM_DICT>
       <MODIFIC>X</MODIFIC>
       <INPUT_FLD>X</INPUT_FLD>
       <OUTPUT_FLD>X</OUTPUT_FLD>
       <REF_FIELD>VBRK-WAERK</REF_FIELD>
      </RPY_DYFATC>
      <RPY_DYFATC>
       <CONT_TYPE>TABLE_CTRL</CONT_TYPE>
       <CONT_NAME>TCTRL_ZCO_COSTOOPERCEN</CONT_NAME>
       <TYPE>TEMPLATE</TYPE>
       <NAME>ZCO_COSTOOPERCEN-CL10</NAME>
       <TEXT>_________________</TEXT>
       <LINE>001</LINE>
       <COLUMN>014</COLUMN>
       <LENGTH>017</LENGTH>
       <VISLENGTH>010</VISLENGTH>
       <HEIGHT>001</HEIGHT>
       <FORMAT>CURR</FORMAT>
       <FROM_DICT>X</FROM_DICT>
       <MODIFIC>X</MODIFIC>
       <INPUT_FLD>X</INPUT_FLD>
       <OUTPUT_FLD>X</OUTPUT_FLD>
       <REF_FIELD>VBRK-WAERK</REF_FIELD>
      </RPY_DYFATC>
      <RPY_DYFATC>
       <CONT_TYPE>TABLE_CTRL</CONT_TYPE>
       <CONT_NAME>TCTRL_ZCO_COSTOOPERCEN</CONT_NAME>
       <TYPE>TEMPLATE</TYPE>
       <NAME>ZCO_COSTOOPERCEN-CL11</NAME>
       <TEXT>_________________</TEXT>
       <LINE>001</LINE>
       <COLUMN>015</COLUMN>
       <LENGTH>017</LENGTH>
       <VISLENGTH>010</VISLENGTH>
       <HEIGHT>001</HEIGHT>
       <FORMAT>CURR</FORMAT>
       <FROM_DICT>X</FROM_DICT>
       <MODIFIC>X</MODIFIC>
       <INPUT_FLD>X</INPUT_FLD>
       <OUTPUT_FLD>X</OUTPUT_FLD>
       <REF_FIELD>VBRK-WAERK</REF_FIELD>
      </RPY_DYFATC>
      <RPY_DYFATC>
       <CONT_TYPE>TABLE_CTRL</CONT_TYPE>
       <CONT_NAME>TCTRL_ZCO_COSTOOPERCEN</CONT_NAME>
       <TYPE>TEMPLATE</TYPE>
       <NAME>ZCO_COSTOOPERCEN-CL12</NAME>
       <TEXT>_________________</TEXT>
       <LINE>001</LINE>
       <COLUMN>016</COLUMN>
       <LENGTH>017</LENGTH>
       <VISLENGTH>010</VISLENGTH>
       <HEIGHT>001</HEIGHT>
       <FORMAT>CURR</FORMAT>
       <FROM_DICT>X</FROM_DICT>
       <MODIFIC>X</MODIFIC>
       <INPUT_FLD>X</INPUT_FLD>
       <OUTPUT_FLD>X</OUTPUT_FLD>
       <REF_FIELD>VBRK-WAERK</REF_FIELD>
      </RPY_DYFATC>
     </FIELDS>
     <FLOW_LOGIC>
      <RPY_DYFLOW>
       <LINE>PROCESS BEFORE OUTPUT.</LINE>
      </RPY_DYFLOW>
      <RPY_DYFLOW>
       <LINE> MODULE LISTE_INITIALISIEREN.</LINE>
      </RPY_DYFLOW>
      <RPY_DYFLOW>
       <LINE> LOOP AT EXTRACT WITH CONTROL</LINE>
      </RPY_DYFLOW>
      <RPY_DYFLOW>
       <LINE>  TCTRL_ZCO_COSTOOPERCEN CURSOR NEXTLINE.</LINE>
      </RPY_DYFLOW>
      <RPY_DYFLOW>
       <LINE>   MODULE LISTE_SHOW_LISTE.</LINE>
      </RPY_DYFLOW>
      <RPY_DYFLOW>
       <LINE> ENDLOOP.</LINE>
      </RPY_DYFLOW>
      <RPY_DYFLOW>
       <LINE>*</LINE>
      </RPY_DYFLOW>
      <RPY_DYFLOW>
       <LINE>PROCESS AFTER INPUT.</LINE>
      </RPY_DYFLOW>
      <RPY_DYFLOW>
       <LINE> MODULE LISTE_EXIT_COMMAND AT EXIT-COMMAND.</LINE>
      </RPY_DYFLOW>
      <RPY_DYFLOW>
       <LINE> MODULE LISTE_BEFORE_LOOP.</LINE>
      </RPY_DYFLOW>
      <RPY_DYFLOW>
       <LINE> LOOP AT EXTRACT.</LINE>
      </RPY_DYFLOW>
      <RPY_DYFLOW>
       <LINE>   MODULE LISTE_INIT_WORKAREA.</LINE>
      </RPY_DYFLOW>
      <RPY_DYFLOW>
       <LINE>   CHAIN.</LINE>
      </RPY_DYFLOW>
      <RPY_DYFLOW>
       <LINE>    FIELD ZCO_COSTOOPERCEN-VKORG .</LINE>
      </RPY_DYFLOW>
      <RPY_DYFLOW>
       <LINE>    FIELD ZCO_COSTOOPERCEN-WERKS .</LINE>
      </RPY_DYFLOW>
      <RPY_DYFLOW>
       <LINE>    FIELD ZCO_COSTOOPERCEN-VTWEG .</LINE>
      </RPY_DYFLOW>
      <RPY_DYFLOW>
       <LINE>    FIELD ZCO_COSTOOPERCEN-ANO .</LINE>
      </RPY_DYFLOW>
      <RPY_DYFLOW>
       <LINE>    FIELD ZCO_COSTOOPERCEN-CL01 .</LINE>
      </RPY_DYFLOW>
      <RPY_DYFLOW>
       <LINE>    FIELD ZCO_COSTOOPERCEN-CL02 .</LINE>
      </RPY_DYFLOW>
      <RPY_DYFLOW>
       <LINE>    FIELD ZCO_COSTOOPERCEN-CL03 .</LINE>
      </RPY_DYFLOW>
      <RPY_DYFLOW>
       <LINE>    FIELD ZCO_COSTOOPERCEN-CL04 .</LINE>
      </RPY_DYFLOW>
      <RPY_DYFLOW>
       <LINE>    FIELD ZCO_COSTOOPERCEN-CL05 .</LINE>
      </RPY_DYFLOW>
      <RPY_DYFLOW>
       <LINE>    FIELD ZCO_COSTOOPERCEN-CL06 .</LINE>
      </RPY_DYFLOW>
      <RPY_DYFLOW>
       <LINE>    FIELD ZCO_COSTOOPERCEN-CL07 .</LINE>
      </RPY_DYFLOW>
      <RPY_DYFLOW>
       <LINE>    FIELD ZCO_COSTOOPERCEN-CL08 .</LINE>
      </RPY_DYFLOW>
      <RPY_DYFLOW>
       <LINE>    FIELD ZCO_COSTOOPERCEN-CL09 .</LINE>
      </RPY_DYFLOW>
      <RPY_DYFLOW>
       <LINE>    FIELD ZCO_COSTOOPERCEN-CL10 .</LINE>
      </RPY_DYFLOW>
      <RPY_DYFLOW>
       <LINE>    FIELD ZCO_COSTOOPERCEN-CL11 .</LINE>
      </RPY_DYFLOW>
      <RPY_DYFLOW>
       <LINE>    FIELD ZCO_COSTOOPERCEN-CL12 .</LINE>
      </RPY_DYFLOW>
      <RPY_DYFLOW>
       <LINE>    MODULE SET_UPDATE_FLAG ON CHAIN-REQUEST.</LINE>
      </RPY_DYFLOW>
      <RPY_DYFLOW>
       <LINE>   ENDCHAIN.</LINE>
      </RPY_DYFLOW>
      <RPY_DYFLOW>
       <LINE>   FIELD VIM_MARKED MODULE LISTE_MARK_CHECKBOX.</LINE>
      </RPY_DYFLOW>
      <RPY_DYFLOW>
       <LINE>   CHAIN.</LINE>
      </RPY_DYFLOW>
      <RPY_DYFLOW>
       <LINE>    FIELD ZCO_COSTOOPERCEN-VKORG .</LINE>
      </RPY_DYFLOW>
      <RPY_DYFLOW>
       <LINE>    FIELD ZCO_COSTOOPERCEN-WERKS .</LINE>
      </RPY_DYFLOW>
      <RPY_DYFLOW>
       <LINE>    FIELD ZCO_COSTOOPERCEN-VTWEG .</LINE>
      </RPY_DYFLOW>
      <RPY_DYFLOW>
       <LINE>    FIELD ZCO_COSTOOPERCEN-ANO .</LINE>
      </RPY_DYFLOW>
      <RPY_DYFLOW>
       <LINE>    MODULE LISTE_UPDATE_LISTE.</LINE>
      </RPY_DYFLOW>
      <RPY_DYFLOW>
       <LINE>   ENDCHAIN.</LINE>
      </RPY_DYFLOW>
      <RPY_DYFLOW>
       <LINE> ENDLOOP.</LINE>
      </RPY_DYFLOW>
      <RPY_DYFLOW>
       <LINE> MODULE LISTE_AFTER_LOOP.</LINE>
      </RPY_DYFLOW>
     </FLOW_LOGIC>
    </item>
   </DYNPROS>
  </asx:values>
 </asx:abap>
</abapGit>
