﻿<?xml version="1.0" encoding="utf-8"?>
<abapGit version="v1.0.0" serializer="LCL_OBJECT_DTEL" serializer_version="v1.0.0">
 <asx:abap xmlns:asx="http://www.sap.com/abapxml" version="1.0">
  <asx:values>
   <DD04V>
    <ROLLNAME>ZCOE_MARGENACUM_PORC</ROLLNAME>
    <DOMNAME>WERTV15_3</DOMNAME>
    <HEADLEN>20</HEADLEN>
    <SCRLEN1>09</SCRLEN1>
    <SCRLEN2>20</SCRLEN2>
    <SCRLEN3>20</SCRLEN3>
    <DTELMASTER>S</DTELMASTER>
    <REFKIND>D</REFKIND>
   </DD04V>
   <I18N_LANGS>
    <LANGU>S</LANGU>
   </I18N_LANGS>
   <DD04_TEXTS>
    <item>
     <DDLANGUAGE>S</DDLANGUAGE>
     <DDTEXT>Margen acumulado %</DDTEXT>
     <REPTEXT>(%) Margen acumulado</REPTEXT>
     <SCRTEXT_S>MargAcum%</SCRTEXT_S>
     <SCRTEXT_M>(%) Margen acumulado</SCRTEXT_M>
     <SCRTEXT_L>(%) Margen acumulado</SCRTEXT_L>
    </item>
   </DD04_TEXTS>
  </asx:values>
 </asx:abap>
</abapGit>
