﻿<?xml version="1.0" encoding="utf-8"?>
<abapGit version="v1.0.0" serializer="LCL_OBJECT_DTEL" serializer_version="v1.0.0">
 <asx:abap xmlns:asx="http://www.sap.com/abapxml" version="1.0">
  <asx:values>
   <DD04V>
    <ROLLNAME>ZCOE_DECOMISOS</ROLLNAME>
    <SCRLEN1>09</SCRLEN1>
    <SCRLEN2>09</SCRLEN2>
    <SCRLEN3>09</SCRLEN3>
    <DTELMASTER>S</DTELMASTER>
    <DATATYPE>CURR</DATATYPE>
    <LENG>000013</LENG>
    <DECIMALS>000004</DECIMALS>
    <OUTPUTLEN>000016</OUTPUTLEN>
   </DD04V>
   <I18N_LANGS>
    <LANGU>S</LANGU>
   </I18N_LANGS>
   <DD04_TEXTS>
    <item>
     <DDLANGUAGE>S</DDLANGUAGE>
     <DDTEXT>Decomisos</DDTEXT>
     <SCRTEXT_S>Decomisos</SCRTEXT_S>
     <SCRTEXT_M>Decomisos</SCRTEXT_M>
     <SCRTEXT_L>Decomisos</SCRTEXT_L>
    </item>
   </DD04_TEXTS>
  </asx:values>
 </asx:abap>
</abapGit>
