﻿<?xml version="1.0" encoding="utf-8"?>
<abapGit version="v1.0.0" serializer="LCL_OBJECT_DTEL" serializer_version="v1.0.0">
 <asx:abap xmlns:asx="http://www.sap.com/abapxml" version="1.0">
  <asx:values>
   <DD04V>
    <ROLLNAME>ZCOE_LIN</ROLLNAME>
    <DOMNAME>CHAR04</DOMNAME>
    <HEADLEN>05</HEADLEN>
    <SCRLEN1>05</SCRLEN1>
    <SCRLEN2>05</SCRLEN2>
    <SCRLEN3>05</SCRLEN3>
    <DTELMASTER>S</DTELMASTER>
    <REFKIND>D</REFKIND>
   </DD04V>
   <I18N_LANGS>
    <LANGU>S</LANGU>
   </I18N_LANGS>
   <DD04_TEXTS>
    <item>
     <DDLANGUAGE>S</DDLANGUAGE>
     <DDTEXT>Línea producto</DDTEXT>
     <REPTEXT>Línea</REPTEXT>
     <SCRTEXT_S>Línea</SCRTEXT_S>
     <SCRTEXT_M>Línea</SCRTEXT_M>
     <SCRTEXT_L>Línea</SCRTEXT_L>
    </item>
   </DD04_TEXTS>
  </asx:values>
 </asx:abap>
</abapGit>
