﻿<?xml version="1.0" encoding="utf-8"?>
<abapGit version="v1.0.0" serializer="LCL_OBJECT_DTEL" serializer_version="v1.0.0">
 <asx:abap xmlns:asx="http://www.sap.com/abapxml" version="1.0">
  <asx:values>
   <DD04V>
    <ROLLNAME>ZCOE_BENEFBRUTO_PORC</ROLLNAME>
    <DOMNAME>WERT13</DOMNAME>
    <HEADLEN>14</HEADLEN>
    <SCRLEN1>09</SCRLEN1>
    <SCRLEN2>14</SCRLEN2>
    <SCRLEN3>19</SCRLEN3>
    <DTELMASTER>S</DTELMASTER>
    <REFKIND>D</REFKIND>
   </DD04V>
   <I18N_LANGS>
    <LANGU>S</LANGU>
   </I18N_LANGS>
   <DD04_TEXTS>
    <item>
     <DDLANGUAGE>S</DDLANGUAGE>
     <DDTEXT>Beneficios Brutos %</DDTEXT>
     <REPTEXT>Benef.Brutos %</REPTEXT>
     <SCRTEXT_S>BenefBr.%</SCRTEXT_S>
     <SCRTEXT_M>Benef.Brutos %</SCRTEXT_M>
     <SCRTEXT_L>Beneficios Brutos %</SCRTEXT_L>
    </item>
   </DD04_TEXTS>
  </asx:values>
 </asx:abap>
</abapGit>
