﻿<?xml version="1.0" encoding="utf-8"?>
<abapGit version="v1.0.0" serializer="LCL_OBJECT_DTEL" serializer_version="v1.0.0">
 <asx:abap xmlns:asx="http://www.sap.com/abapxml" version="1.0">
  <asx:values>
   <DD04V>
    <ROLLNAME>ZCOE_ZBENEFOPER_PORC</ROLLNAME>
    <DOMNAME>WERT8</DOMNAME>
    <HEADLEN>15</HEADLEN>
    <SCRLEN1>09</SCRLEN1>
    <SCRLEN2>15</SCRLEN2>
    <SCRLEN3>20</SCRLEN3>
    <DTELMASTER>S</DTELMASTER>
    <REFKIND>D</REFKIND>
   </DD04V>
   <I18N_LANGS>
    <LANGU>S</LANGU>
   </I18N_LANGS>
   <DD04_TEXTS>
    <item>
     <DDLANGUAGE>S</DDLANGUAGE>
     <DDTEXT>Beneficios Operaciones %</DDTEXT>
     <REPTEXT>Benef.Operac. %</REPTEXT>
     <SCRTEXT_S>BenefOp.%</SCRTEXT_S>
     <SCRTEXT_M>Benef.Operac. %</SCRTEXT_M>
     <SCRTEXT_L>Beneficios Operac. %</SCRTEXT_L>
    </item>
   </DD04_TEXTS>
  </asx:values>
 </asx:abap>
</abapGit>
