﻿<?xml version="1.0" encoding="utf-8"?>
<abapGit version="v1.0.0" serializer="LCL_OBJECT_TABL" serializer_version="v1.0.0">
 <asx:abap xmlns:asx="http://www.sap.com/abapxml" version="1.0">
  <asx:values>
   <DD02V>
    <TABNAME>ZCOS_TARGET</TABNAME>
    <TABCLASS>INTTAB</TABCLASS>
    <EXCLASS>3</EXCLASS>
   </DD02V>
   <DD03P_TABLE>
    <DD03P>
     <TABNAME>ZCOS_TARGET</TABNAME>
     <FIELDNAME>CANTPRESUPP</FIELDNAME>
     <POSITION>0001</POSITION>
     <ROLLNAME>ZCOE_CANTPRESUPP</ROLLNAME>
     <ADMINFIELD>0</ADMINFIELD>
     <REFTABLE>BKPF</REFTABLE>
     <REFFIELD>WAERS</REFFIELD>
     <COMPTYPE>E</COMPTYPE>
    </DD03P>
    <DD03P>
     <TABNAME>ZCOS_TARGET</TABNAME>
     <FIELDNAME>CANTVENDIDASP</FIELDNAME>
     <POSITION>0002</POSITION>
     <ROLLNAME>ZCOE_CANTVENDIDASP</ROLLNAME>
     <ADMINFIELD>0</ADMINFIELD>
     <REFTABLE>BKPF</REFTABLE>
     <REFFIELD>WAERS</REFFIELD>
     <COMPTYPE>E</COMPTYPE>
    </DD03P>
    <DD03P>
     <TABNAME>ZCOS_TARGET</TABNAME>
     <FIELDNAME>DIFP</FIELDNAME>
     <POSITION>0003</POSITION>
     <ROLLNAME>ZCOE_DIFP</ROLLNAME>
     <ADMINFIELD>0</ADMINFIELD>
     <REFTABLE>BKPF</REFTABLE>
     <REFFIELD>WAERS</REFFIELD>
     <COMPTYPE>E</COMPTYPE>
    </DD03P>
    <DD03P>
     <TABNAME>ZCOS_TARGET</TABNAME>
     <FIELDNAME>CANTPRESUPU</FIELDNAME>
     <POSITION>0004</POSITION>
     <ROLLNAME>ZCOE_CANTPRESUPU</ROLLNAME>
     <ADMINFIELD>0</ADMINFIELD>
     <REFTABLE>BKPF</REFTABLE>
     <REFFIELD>WAERS</REFFIELD>
     <COMPTYPE>E</COMPTYPE>
    </DD03P>
    <DD03P>
     <TABNAME>ZCOS_TARGET</TABNAME>
     <FIELDNAME>CANTVENDIDASU</FIELDNAME>
     <POSITION>0005</POSITION>
     <ROLLNAME>ZCOE_CANTVENDIDASU</ROLLNAME>
     <ADMINFIELD>0</ADMINFIELD>
     <REFTABLE>BKPF</REFTABLE>
     <REFFIELD>WAERS</REFFIELD>
     <COMPTYPE>E</COMPTYPE>
    </DD03P>
    <DD03P>
     <TABNAME>ZCOS_TARGET</TABNAME>
     <FIELDNAME>DIFU</FIELDNAME>
     <POSITION>0006</POSITION>
     <ROLLNAME>ZCOE_DIFU</ROLLNAME>
     <ADMINFIELD>0</ADMINFIELD>
     <REFTABLE>BKPF</REFTABLE>
     <REFFIELD>WAERS</REFFIELD>
     <COMPTYPE>E</COMPTYPE>
    </DD03P>
    <DD03P>
     <TABNAME>ZCOS_TARGET</TABNAME>
     <FIELDNAME>BENEFTOTAL</FIELDNAME>
     <POSITION>0007</POSITION>
     <ROLLNAME>ZCOE_BENEFTOTAL</ROLLNAME>
     <ADMINFIELD>0</ADMINFIELD>
     <REFTABLE>BKPF</REFTABLE>
     <REFFIELD>WAERS</REFFIELD>
     <COMPTYPE>E</COMPTYPE>
    </DD03P>
    <DD03P>
     <TABNAME>ZCOS_TARGET</TABNAME>
     <FIELDNAME>MARGENOPER_%</FIELDNAME>
     <POSITION>0008</POSITION>
     <ROLLNAME>ZCOE_MARGENOPER_PORC</ROLLNAME>
     <ADMINFIELD>0</ADMINFIELD>
     <REFTABLE>BKPF</REFTABLE>
     <REFFIELD>WAERS</REFFIELD>
     <COMPTYPE>E</COMPTYPE>
    </DD03P>
    <DD03P>
     <TABNAME>ZCOS_TARGET</TABNAME>
     <FIELDNAME>MARGENACUM_%</FIELDNAME>
     <POSITION>0009</POSITION>
     <ROLLNAME>ZCOE_MARGENACUM_PORC</ROLLNAME>
     <ADMINFIELD>0</ADMINFIELD>
     <REFTABLE>BKPF</REFTABLE>
     <REFFIELD>WAERS</REFFIELD>
     <COMPTYPE>E</COMPTYPE>
    </DD03P>
    <DD03P>
     <TABNAME>ZCOS_TARGET</TABNAME>
     <FIELDNAME>PRECIOPROM</FIELDNAME>
     <POSITION>0010</POSITION>
     <ROLLNAME>DPREIS</ROLLNAME>
     <ADMINFIELD>0</ADMINFIELD>
     <REFTABLE>BKPF</REFTABLE>
     <REFFIELD>WAERS</REFFIELD>
     <COMPTYPE>E</COMPTYPE>
    </DD03P>
    <DD03P>
     <TABNAME>ZCOS_TARGET</TABNAME>
     <FIELDNAME>COSTOTOTAL</FIELDNAME>
     <POSITION>0011</POSITION>
     <ROLLNAME>ZCOE_COSTOTOTAL</ROLLNAME>
     <ADMINFIELD>0</ADMINFIELD>
     <REFTABLE>BKPF</REFTABLE>
     <REFFIELD>WAERS</REFFIELD>
     <COMPTYPE>E</COMPTYPE>
    </DD03P>
    <DD03P>
     <TABNAME>ZCOS_TARGET</TABNAME>
     <FIELDNAME>BENEFOPER_ABS</FIELDNAME>
     <POSITION>0012</POSITION>
     <ROLLNAME>ZCOE_BENEFOPER_ABS</ROLLNAME>
     <ADMINFIELD>0</ADMINFIELD>
     <COMPTYPE>E</COMPTYPE>
    </DD03P>
    <DD03P>
     <TABNAME>ZCOS_TARGET</TABNAME>
     <FIELDNAME>BENEFOPER_%</FIELDNAME>
     <POSITION>0013</POSITION>
     <ROLLNAME>ZCOE_ZBENEFOPER_PORC</ROLLNAME>
     <ADMINFIELD>0</ADMINFIELD>
     <REFTABLE>BKPF</REFTABLE>
     <REFFIELD>WAERS</REFFIELD>
     <COMPTYPE>E</COMPTYPE>
    </DD03P>
    <DD03P>
     <TABNAME>ZCOS_TARGET</TABNAME>
     <FIELDNAME>BENEFBRUTO_ABS</FIELDNAME>
     <POSITION>0014</POSITION>
     <ROLLNAME>ZCOE_BENEFBRUTO_ABS</ROLLNAME>
     <ADMINFIELD>0</ADMINFIELD>
     <COMPTYPE>E</COMPTYPE>
    </DD03P>
    <DD03P>
     <TABNAME>ZCOS_TARGET</TABNAME>
     <FIELDNAME>BENEFBRUTO_%</FIELDNAME>
     <POSITION>0015</POSITION>
     <ROLLNAME>ZCOE_BENEFBRUTO_PORC</ROLLNAME>
     <ADMINFIELD>0</ADMINFIELD>
     <REFTABLE>BKPF</REFTABLE>
     <REFFIELD>WAERS</REFFIELD>
     <COMPTYPE>E</COMPTYPE>
    </DD03P>
    <DD03P>
     <TABNAME>ZCOS_TARGET</TABNAME>
     <FIELDNAME>COSTOPRODPORC</FIELDNAME>
     <POSITION>0016</POSITION>
     <ROLLNAME>ZCOE_COSTOPROD_PORC</ROLLNAME>
     <ADMINFIELD>0</ADMINFIELD>
     <REFTABLE>BKPF</REFTABLE>
     <REFFIELD>WAERS</REFFIELD>
     <COMPTYPE>E</COMPTYPE>
    </DD03P>
    <DD03P>
     <TABNAME>ZCOS_TARGET</TABNAME>
     <FIELDNAME>COSTOPROD</FIELDNAME>
     <POSITION>0017</POSITION>
     <ROLLNAME>ZCOE_COSTOPROD</ROLLNAME>
     <ADMINFIELD>0</ADMINFIELD>
     <REFTABLE>BKPF</REFTABLE>
     <REFFIELD>WAERS</REFFIELD>
     <COMPTYPE>E</COMPTYPE>
    </DD03P>
    <DD03P>
     <TABNAME>ZCOS_TARGET</TABNAME>
     <FIELDNAME>DESCTOS</FIELDNAME>
     <POSITION>0018</POSITION>
     <ROLLNAME>ZCOE_DESCTOS</ROLLNAME>
     <ADMINFIELD>0</ADMINFIELD>
     <REFTABLE>BKPF</REFTABLE>
     <REFFIELD>WAERS</REFFIELD>
     <COMPTYPE>E</COMPTYPE>
    </DD03P>
    <DD03P>
     <TABNAME>ZCOS_TARGET</TABNAME>
     <FIELDNAME>DECOMISOS</FIELDNAME>
     <POSITION>0019</POSITION>
     <ROLLNAME>ZCOE_DECOMISOS</ROLLNAME>
     <ADMINFIELD>0</ADMINFIELD>
     <REFTABLE>BKPF</REFTABLE>
     <REFFIELD>WAERS</REFFIELD>
     <COMPTYPE>E</COMPTYPE>
    </DD03P>
    <DD03P>
     <TABNAME>ZCOS_TARGET</TABNAME>
     <FIELDNAME>DECOMISOSINT</FIELDNAME>
     <POSITION>0020</POSITION>
     <ROLLNAME>ZCOE_DECOMISOSINT</ROLLNAME>
     <ADMINFIELD>0</ADMINFIELD>
     <REFTABLE>BKPF</REFTABLE>
     <REFFIELD>WAERS</REFFIELD>
     <COMPTYPE>E</COMPTYPE>
    </DD03P>
    <DD03P>
     <TABNAME>ZCOS_TARGET</TABNAME>
     <FIELDNAME>PUBLICIDAD</FIELDNAME>
     <POSITION>0021</POSITION>
     <ROLLNAME>ZCOE_PUBLICIDAD</ROLLNAME>
     <ADMINFIELD>0</ADMINFIELD>
     <REFTABLE>BKPF</REFTABLE>
     <REFFIELD>WAERS</REFFIELD>
     <COMPTYPE>E</COMPTYPE>
    </DD03P>
    <DD03P>
     <TABNAME>ZCOS_TARGET</TABNAME>
     <FIELDNAME>COSTOOPER</FIELDNAME>
     <POSITION>0022</POSITION>
     <ROLLNAME>ZCOE_COSTOOPER</ROLLNAME>
     <ADMINFIELD>0</ADMINFIELD>
     <REFTABLE>BKPF</REFTABLE>
     <REFFIELD>WAERS</REFFIELD>
     <COMPTYPE>E</COMPTYPE>
    </DD03P>
    <DD03P>
     <TABNAME>ZCOS_TARGET</TABNAME>
     <FIELDNAME>DIFINVENTARIO</FIELDNAME>
     <POSITION>0023</POSITION>
     <ROLLNAME>ZCOE_DIFINVENTARIO</ROLLNAME>
     <ADMINFIELD>0</ADMINFIELD>
     <REFTABLE>BKPF</REFTABLE>
     <REFFIELD>WAERS</REFFIELD>
     <COMPTYPE>E</COMPTYPE>
    </DD03P>
    <DD03P>
     <TABNAME>ZCOS_TARGET</TABNAME>
     <FIELDNAME>OTROSCOSTOSVTAS</FIELDNAME>
     <POSITION>0024</POSITION>
     <ROLLNAME>ZCO_OTROSCOSTOSVTAS</ROLLNAME>
     <ADMINFIELD>0</ADMINFIELD>
     <REFTABLE>BKPF</REFTABLE>
     <REFFIELD>WAERS</REFFIELD>
     <COMPTYPE>E</COMPTYPE>
    </DD03P>
    <DD03P>
     <TABNAME>ZCOS_TARGET</TABNAME>
     <FIELDNAME>OTROSCOSTOS</FIELDNAME>
     <POSITION>0025</POSITION>
     <ROLLNAME>ZCOE_OTROSCOSTOS</ROLLNAME>
     <ADMINFIELD>0</ADMINFIELD>
     <REFTABLE>BKPF</REFTABLE>
     <REFFIELD>WAERS</REFFIELD>
     <COMPTYPE>E</COMPTYPE>
    </DD03P>
    <DD03P>
     <TABNAME>ZCOS_TARGET</TABNAME>
     <FIELDNAME>PRECIOTARGET</FIELDNAME>
     <POSITION>0026</POSITION>
     <ROLLNAME>ZCOE_PRECIOTARGET</ROLLNAME>
     <ADMINFIELD>0</ADMINFIELD>
     <REFTABLE>BKPF</REFTABLE>
     <REFFIELD>WAERS</REFFIELD>
     <COMPTYPE>E</COMPTYPE>
    </DD03P>
    <DD03P>
     <TABNAME>ZCOS_TARGET</TABNAME>
     <FIELDNAME>COSTOPRODSUM</FIELDNAME>
     <POSITION>0027</POSITION>
     <ROLLNAME>ZCOE_COSTOPRODSUM</ROLLNAME>
     <ADMINFIELD>0</ADMINFIELD>
     <REFTABLE>BKPF</REFTABLE>
     <REFFIELD>WAERS</REFFIELD>
     <COMPTYPE>E</COMPTYPE>
    </DD03P>
    <DD03P>
     <TABNAME>ZCOS_TARGET</TABNAME>
     <FIELDNAME>COSTOPRODSESUM</FIELDNAME>
     <POSITION>0028</POSITION>
     <ROLLNAME>ZCOE_COSTOPRODSESUM</ROLLNAME>
     <ADMINFIELD>0</ADMINFIELD>
     <REFTABLE>BKPF</REFTABLE>
     <REFFIELD>WAERS</REFFIELD>
     <COMPTYPE>E</COMPTYPE>
    </DD03P>
    <DD03P>
     <TABNAME>ZCOS_TARGET</TABNAME>
     <FIELDNAME>DESCTOSSUM</FIELDNAME>
     <POSITION>0029</POSITION>
     <ROLLNAME>ZCOE_DESCTOSSUM</ROLLNAME>
     <ADMINFIELD>0</ADMINFIELD>
     <REFTABLE>BKPF</REFTABLE>
     <REFFIELD>WAERS</REFFIELD>
     <COMPTYPE>E</COMPTYPE>
    </DD03P>
    <DD03P>
     <TABNAME>ZCOS_TARGET</TABNAME>
     <FIELDNAME>DECOMISOSSUM</FIELDNAME>
     <POSITION>0030</POSITION>
     <ROLLNAME>ZCOE_DECOMISOSSUM</ROLLNAME>
     <ADMINFIELD>0</ADMINFIELD>
     <REFTABLE>BKPF</REFTABLE>
     <REFFIELD>WAERS</REFFIELD>
     <COMPTYPE>E</COMPTYPE>
    </DD03P>
    <DD03P>
     <TABNAME>ZCOS_TARGET</TABNAME>
     <FIELDNAME>DECOMISOSINTSUM</FIELDNAME>
     <POSITION>0031</POSITION>
     <ROLLNAME>ZCOE_DECOMISOSINTSUM</ROLLNAME>
     <ADMINFIELD>0</ADMINFIELD>
     <REFTABLE>BKPF</REFTABLE>
     <REFFIELD>WAERS</REFFIELD>
     <COMPTYPE>E</COMPTYPE>
    </DD03P>
    <DD03P>
     <TABNAME>ZCOS_TARGET</TABNAME>
     <FIELDNAME>PUBLICIDADSUM</FIELDNAME>
     <POSITION>0032</POSITION>
     <ROLLNAME>ZCOE_PUBLICIDADSUM</ROLLNAME>
     <ADMINFIELD>0</ADMINFIELD>
     <REFTABLE>BKPF</REFTABLE>
     <REFFIELD>WAERS</REFFIELD>
     <COMPTYPE>E</COMPTYPE>
    </DD03P>
    <DD03P>
     <TABNAME>ZCOS_TARGET</TABNAME>
     <FIELDNAME>COSTOOPERSUM</FIELDNAME>
     <POSITION>0033</POSITION>
     <ROLLNAME>ZCOE_COSTOOPERSUM</ROLLNAME>
     <ADMINFIELD>0</ADMINFIELD>
     <REFTABLE>BKPF</REFTABLE>
     <REFFIELD>WAERS</REFFIELD>
     <COMPTYPE>E</COMPTYPE>
    </DD03P>
    <DD03P>
     <TABNAME>ZCOS_TARGET</TABNAME>
     <FIELDNAME>OTROSCOSTOSSUM</FIELDNAME>
     <POSITION>0034</POSITION>
     <ROLLNAME>ZCOE_OTROSCOSTOSSUM</ROLLNAME>
     <ADMINFIELD>0</ADMINFIELD>
     <REFTABLE>BKPF</REFTABLE>
     <REFFIELD>WAERS</REFFIELD>
     <COMPTYPE>E</COMPTYPE>
    </DD03P>
    <DD03P>
     <TABNAME>ZCOS_TARGET</TABNAME>
     <FIELDNAME>OTROSCOSTOSVTASUM</FIELDNAME>
     <POSITION>0035</POSITION>
     <ROLLNAME>ZCOE_OTROSCOSTOSVTASSUM</ROLLNAME>
     <ADMINFIELD>0</ADMINFIELD>
     <REFTABLE>BKPF</REFTABLE>
     <REFFIELD>WAERS</REFFIELD>
     <COMPTYPE>E</COMPTYPE>
    </DD03P>
    <DD03P>
     <TABNAME>ZCOS_TARGET</TABNAME>
     <FIELDNAME>DIFINVENTARIOSUM</FIELDNAME>
     <POSITION>0036</POSITION>
     <ROLLNAME>ZCOE_DIFINVENTARIOSUM</ROLLNAME>
     <ADMINFIELD>0</ADMINFIELD>
     <REFTABLE>BKPF</REFTABLE>
     <REFFIELD>WAERS</REFFIELD>
     <COMPTYPE>E</COMPTYPE>
    </DD03P>
   </DD03P_TABLE>
   <I18N_LANGS>
    <LANGU>S</LANGU>
   </I18N_LANGS>
   <DD02_TEXTS>
    <item>
     <DDLANGUAGE>S</DDLANGUAGE>
     <DDTEXT>Estrutura para campos reporte Target</DDTEXT>
    </item>
   </DD02_TEXTS>
  </asx:values>
 </asx:abap>
</abapGit>
