﻿<?xml version="1.0" encoding="utf-8"?>
<abapGit version="v1.0.0" serializer="LCL_OBJECT_TABL" serializer_version="v1.0.0">
 <asx:abap xmlns:asx="http://www.sap.com/abapxml" version="1.0">
  <asx:values>
   <DD02V>
    <TABNAME>ZESD_5345</TABNAME>
    <TABCLASS>INTTAB</TABCLASS>
    <LANGDEP>X</LANGDEP>
    <EXCLASS>4</EXCLASS>
   </DD02V>
   <DD03P_TABLE>
    <DD03P>
     <TABNAME>ZESD_5345</TABNAME>
     <FIELDNAME>MATNR</FIELDNAME>
     <POSITION>0001</POSITION>
     <ROLLNAME>MATNR</ROLLNAME>
     <ADMINFIELD>0</ADMINFIELD>
     <SHLPORIGIN>D</SHLPORIGIN>
     <COMPTYPE>E</COMPTYPE>
    </DD03P>
    <DD03P>
     <TABNAME>ZESD_5345</TABNAME>
     <FIELDNAME>MAKTX</FIELDNAME>
     <POSITION>0002</POSITION>
     <ROLLNAME>MAKTX</ROLLNAME>
     <ADMINFIELD>0</ADMINFIELD>
     <COMPTYPE>E</COMPTYPE>
    </DD03P>
    <DD03P>
     <TABNAME>ZESD_5345</TABNAME>
     <FIELDNAME>BWKEY</FIELDNAME>
     <POSITION>0003</POSITION>
     <ROLLNAME>BWKEY</ROLLNAME>
     <ADMINFIELD>0</ADMINFIELD>
     <COMPTYPE>E</COMPTYPE>
    </DD03P>
    <DD03P>
     <TABNAME>ZESD_5345</TABNAME>
     <FIELDNAME>BWTAR</FIELDNAME>
     <POSITION>0004</POSITION>
     <ROLLNAME>BWTAR_D</ROLLNAME>
     <ADMINFIELD>0</ADMINFIELD>
     <COMPTYPE>E</COMPTYPE>
    </DD03P>
    <DD03P>
     <TABNAME>ZESD_5345</TABNAME>
     <FIELDNAME>BDATJ</FIELDNAME>
     <POSITION>0005</POSITION>
     <ROLLNAME>BDATJ</ROLLNAME>
     <ADMINFIELD>0</ADMINFIELD>
     <COMPTYPE>E</COMPTYPE>
    </DD03P>
    <DD03P>
     <TABNAME>ZESD_5345</TABNAME>
     <FIELDNAME>POPER</FIELDNAME>
     <POSITION>0006</POSITION>
     <ROLLNAME>POPER</ROLLNAME>
     <ADMINFIELD>0</ADMINFIELD>
     <COMPTYPE>E</COMPTYPE>
    </DD03P>
    <DD03P>
     <TABNAME>ZESD_5345</TABNAME>
     <FIELDNAME>TEXT</FIELDNAME>
     <POSITION>0007</POSITION>
     <ROLLNAME>TEXT50</ROLLNAME>
     <ADMINFIELD>0</ADMINFIELD>
     <COMPTYPE>E</COMPTYPE>
    </DD03P>
    <DD03P>
     <TABNAME>ZESD_5345</TABNAME>
     <FIELDNAME>KALNR</FIELDNAME>
     <POSITION>0008</POSITION>
     <ROLLNAME>CK_KALNR</ROLLNAME>
     <ADMINFIELD>0</ADMINFIELD>
     <COMPTYPE>E</COMPTYPE>
    </DD03P>
    <DD03P>
     <TABNAME>ZESD_5345</TABNAME>
     <FIELDNAME>BASE_QUANTITY</FIELDNAME>
     <POSITION>0009</POSITION>
     <ROLLNAME>ANZHL_S</ROLLNAME>
     <ADMINFIELD>0</ADMINFIELD>
     <COMPTYPE>E</COMPTYPE>
    </DD03P>
    <DD03P>
     <TABNAME>ZESD_5345</TABNAME>
     <FIELDNAME>.INCLUDE</FIELDNAME>
     <DDLANGUAGE>E</DDLANGUAGE>
     <POSITION>0010</POSITION>
     <ADMINFIELD>0</ADMINFIELD>
     <PRECFIELD>CKMLQS_FIELDS</PRECFIELD>
     <MASK>      S</MASK>
     <DDTEXT>Fields for Quantity Structure Tree Output</DDTEXT>
     <COMPTYPE>S</COMPTYPE>
    </DD03P>
   </DD03P_TABLE>
   <I18N_LANGS>
    <LANGU>S</LANGU>
   </I18N_LANGS>
   <DD02_TEXTS>
    <item>
     <DDLANGUAGE>S</DDLANGUAGE>
     <DDTEXT>Estructura trabajo usada en reporte ZSD5345N (Target)</DDTEXT>
    </item>
   </DD02_TEXTS>
  </asx:values>
 </asx:abap>
</abapGit>
