﻿<?xml version="1.0" encoding="utf-8"?>
<abapGit version="v1.0.0" serializer="LCL_OBJECT_FUGR" serializer_version="v1.0.0">
 <asx:abap xmlns:asx="http://www.sap.com/abapxml" version="1.0">
  <asx:values>
   <INCLUDES>
    <SOBJ_NAME>LZMM_GFTOP</SOBJ_NAME>
    <SOBJ_NAME>SAPLZMM_GF</SOBJ_NAME>
   </INCLUDES>
   <FUNCTIONS>
    <item>
     <FUNCNAME>Z_MM_OBTENER_FACTOR_CONV</FUNCNAME>
     <IMPORT>
      <RSIMP>
       <PARAMETER>MATERIAL</PARAMETER>
       <REFERENCE>X</REFERENCE>
       <TYP>MARM-MATNR</TYP>
      </RSIMP>
      <RSIMP>
       <PARAMETER>UNIDAD_MEDIDA</PARAMETER>
       <REFERENCE>X</REFERENCE>
       <TYP>MARM-MEINH</TYP>
      </RSIMP>
      <RSIMP>
       <PARAMETER>LOTE</PARAMETER>
       <OPTIONAL>X</OPTIONAL>
       <REFERENCE>X</REFERENCE>
       <TYP>MCHB-CHARG</TYP>
      </RSIMP>
     </IMPORT>
     <EXPORT>
      <RSEXP>
       <PARAMETER>FACTOR</PARAMETER>
       <REFERENCE>X</REFERENCE>
       <TYP>EKPO_WEIGHT</TYP>
      </RSEXP>
     </EXPORT>
     <DOCUMENTATION>
      <RSFDO>
       <PARAMETER>MATERIAL</PARAMETER>
       <KIND>P</KIND>
      </RSFDO>
      <RSFDO>
       <PARAMETER>UNIDAD_MEDIDA</PARAMETER>
       <KIND>P</KIND>
      </RSFDO>
      <RSFDO>
       <PARAMETER>LOTE</PARAMETER>
       <KIND>P</KIND>
      </RSFDO>
      <RSFDO>
       <PARAMETER>FACTOR</PARAMETER>
       <KIND>P</KIND>
      </RSFDO>
     </DOCUMENTATION>
    </item>
   </FUNCTIONS>
  </asx:values>
 </asx:abap>
</abapGit>
