﻿<?xml version="1.0" encoding="utf-8"?>
<abapGit version="v1.0.0" serializer="LCL_OBJECT_TRAN" serializer_version="v1.0.0">
 <asx:abap xmlns:asx="http://www.sap.com/abapxml" version="1.0">
  <asx:values>
   <TSTC>
    <TCODE>ZSD001</TCODE>
    <CINFO>Ag==</CINFO>
   </TSTC>
   <TSTCC>
    <TCODE>ZSD001</TCODE>
    <S_WEBGUI>1</S_WEBGUI>
    <S_WIN32>X</S_WIN32>
    <S_PLATIN>X</S_PLATIN>
   </TSTCC>
   <TSTCP>
    <TCODE>ZSD001</TCODE>
    <PARAM>/*SM30 VIEWNAME=ZSDV_CONVERTIR_A;UPDATE=X;</PARAM>
   </TSTCP>
   <I18N_TPOOL>
    <TSTCT>
     <SPRSL>S</SPRSL>
     <TTEXT>Tabla Conversión UM Jerarq. Producto</TTEXT>
    </TSTCT>
   </I18N_TPOOL>
  </asx:values>
 </asx:abap>
</abapGit>
