﻿<?xml version="1.0" encoding="utf-8"?>
<abapGit version="v1.0.0" serializer="LCL_OBJECT_TABL" serializer_version="v1.0.0">
 <asx:abap xmlns:asx="http://www.sap.com/abapxml" version="1.0">
  <asx:values>
   <DD02V>
    <TABNAME>ZSD_CONVERTIR_A</TABNAME>
    <TABCLASS>TRANSP</TABCLASS>
    <CLIDEP>X</CLIDEP>
    <MAINFLAG>X</MAINFLAG>
    <CONTFLAG>A</CONTFLAG>
    <EXCLASS>1</EXCLASS>
   </DD02V>
   <DD09L>
    <TABNAME>ZSD_CONVERTIR_A</TABNAME>
    <AS4LOCAL>A</AS4LOCAL>
    <TABKAT>0</TABKAT>
    <TABART>APPL0</TABART>
    <BUFALLOW>N</BUFALLOW>
   </DD09L>
   <DD03P_TABLE>
    <DD03P>
     <TABNAME>ZSD_CONVERTIR_A</TABNAME>
     <FIELDNAME>MANDT</FIELDNAME>
     <POSITION>0001</POSITION>
     <KEYFLAG>X</KEYFLAG>
     <ROLLNAME>MANDT</ROLLNAME>
     <ADMINFIELD>0</ADMINFIELD>
     <NOTNULL>X</NOTNULL>
     <COMPTYPE>E</COMPTYPE>
    </DD03P>
    <DD03P>
     <TABNAME>ZSD_CONVERTIR_A</TABNAME>
     <FIELDNAME>JERARQUIA</FIELDNAME>
     <POSITION>0002</POSITION>
     <KEYFLAG>X</KEYFLAG>
     <ROLLNAME>PRODH_D</ROLLNAME>
     <CHECKTABLE>T179</CHECKTABLE>
     <ADMINFIELD>0</ADMINFIELD>
     <NOTNULL>X</NOTNULL>
     <SHLPORIGIN>X</SHLPORIGIN>
     <COMPTYPE>E</COMPTYPE>
    </DD03P>
    <DD03P>
     <TABNAME>ZSD_CONVERTIR_A</TABNAME>
     <FIELDNAME>VTA_CONVERTIR_A</FIELDNAME>
     <POSITION>0003</POSITION>
     <ROLLNAME>CMP_VRKME</ROLLNAME>
     <CHECKTABLE>T006</CHECKTABLE>
     <ADMINFIELD>0</ADMINFIELD>
     <SHLPORIGIN>P</SHLPORIGIN>
     <COMPTYPE>E</COMPTYPE>
    </DD03P>
    <DD03P>
     <TABNAME>ZSD_CONVERTIR_A</TABNAME>
     <FIELDNAME>MER_CONVERTIR_A</FIELDNAME>
     <POSITION>0004</POSITION>
     <ROLLNAME>ZMER_CONVERTIR</ROLLNAME>
     <CHECKTABLE>T006</CHECKTABLE>
     <ADMINFIELD>0</ADMINFIELD>
     <SHLPORIGIN>P</SHLPORIGIN>
     <COMPTYPE>E</COMPTYPE>
    </DD03P>
    <DD03P>
     <TABNAME>ZSD_CONVERTIR_A</TABNAME>
     <FIELDNAME>LOG_CONVERTIR_A</FIELDNAME>
     <POSITION>0005</POSITION>
     <ROLLNAME>/SCMB/DE_LOGUNIT</ROLLNAME>
     <CHECKTABLE>T006</CHECKTABLE>
     <ADMINFIELD>0</ADMINFIELD>
     <SHLPORIGIN>P</SHLPORIGIN>
     <COMPTYPE>E</COMPTYPE>
    </DD03P>
   </DD03P_TABLE>
   <DD05M_TABLE>
    <DD05M>
     <TABNAME>ZSD_CONVERTIR_A</TABNAME>
     <FIELDNAME>JERARQUIA</FIELDNAME>
     <FORTABLE>ZSD_CONVERTIR_A</FORTABLE>
     <FORKEY>MANDT</FORKEY>
     <CHECKTABLE>T179</CHECKTABLE>
     <CHECKFIELD>MANDT</CHECKFIELD>
     <PRIMPOS>0001</PRIMPOS>
     <DOMNAME>MANDT</DOMNAME>
     <DATATYPE>CLNT</DATATYPE>
     <LENG>000003</LENG>
    </DD05M>
    <DD05M>
     <TABNAME>ZSD_CONVERTIR_A</TABNAME>
     <FIELDNAME>JERARQUIA</FIELDNAME>
     <FORTABLE>ZSD_CONVERTIR_A</FORTABLE>
     <FORKEY>JERARQUIA</FORKEY>
     <CHECKTABLE>T179</CHECKTABLE>
     <CHECKFIELD>PRODH</CHECKFIELD>
     <PRIMPOS>0002</PRIMPOS>
     <DOMNAME>PRODH</DOMNAME>
     <DATATYPE>CHAR</DATATYPE>
     <LENG>000018</LENG>
    </DD05M>
    <DD05M>
     <TABNAME>ZSD_CONVERTIR_A</TABNAME>
     <FIELDNAME>LOG_CONVERTIR_A</FIELDNAME>
     <FORTABLE>ZSD_CONVERTIR_A</FORTABLE>
     <FORKEY>MANDT</FORKEY>
     <CHECKTABLE>T006</CHECKTABLE>
     <CHECKFIELD>MANDT</CHECKFIELD>
     <PRIMPOS>0001</PRIMPOS>
     <DOMNAME>MANDT</DOMNAME>
     <DATATYPE>CLNT</DATATYPE>
     <LENG>000003</LENG>
    </DD05M>
    <DD05M>
     <TABNAME>ZSD_CONVERTIR_A</TABNAME>
     <FIELDNAME>LOG_CONVERTIR_A</FIELDNAME>
     <FORTABLE>ZSD_CONVERTIR_A</FORTABLE>
     <FORKEY>LOG_CONVERTIR_A</FORKEY>
     <CHECKTABLE>T006</CHECKTABLE>
     <CHECKFIELD>MSEHI</CHECKFIELD>
     <PRIMPOS>0002</PRIMPOS>
     <DOMNAME>MEINS</DOMNAME>
     <DATATYPE>UNIT</DATATYPE>
     <LENG>000003</LENG>
    </DD05M>
    <DD05M>
     <TABNAME>ZSD_CONVERTIR_A</TABNAME>
     <FIELDNAME>MER_CONVERTIR_A</FIELDNAME>
     <FORTABLE>ZSD_CONVERTIR_A</FORTABLE>
     <FORKEY>MANDT</FORKEY>
     <CHECKTABLE>T006</CHECKTABLE>
     <CHECKFIELD>MANDT</CHECKFIELD>
     <PRIMPOS>0001</PRIMPOS>
     <DOMNAME>MANDT</DOMNAME>
     <DATATYPE>CLNT</DATATYPE>
     <LENG>000003</LENG>
    </DD05M>
    <DD05M>
     <TABNAME>ZSD_CONVERTIR_A</TABNAME>
     <FIELDNAME>MER_CONVERTIR_A</FIELDNAME>
     <FORTABLE>ZSD_CONVERTIR_A</FORTABLE>
     <FORKEY>MER_CONVERTIR_A</FORKEY>
     <CHECKTABLE>T006</CHECKTABLE>
     <CHECKFIELD>MSEHI</CHECKFIELD>
     <PRIMPOS>0002</PRIMPOS>
     <DOMNAME>MEINS</DOMNAME>
     <DATATYPE>UNIT</DATATYPE>
     <LENG>000003</LENG>
    </DD05M>
    <DD05M>
     <TABNAME>ZSD_CONVERTIR_A</TABNAME>
     <FIELDNAME>VTA_CONVERTIR_A</FIELDNAME>
     <FORTABLE>ZSD_CONVERTIR_A</FORTABLE>
     <FORKEY>MANDT</FORKEY>
     <CHECKTABLE>T006</CHECKTABLE>
     <CHECKFIELD>MANDT</CHECKFIELD>
     <PRIMPOS>0001</PRIMPOS>
     <DOMNAME>MANDT</DOMNAME>
     <DATATYPE>CLNT</DATATYPE>
     <LENG>000003</LENG>
    </DD05M>
    <DD05M>
     <TABNAME>ZSD_CONVERTIR_A</TABNAME>
     <FIELDNAME>VTA_CONVERTIR_A</FIELDNAME>
     <FORTABLE>ZSD_CONVERTIR_A</FORTABLE>
     <FORKEY>VTA_CONVERTIR_A</FORKEY>
     <CHECKTABLE>T006</CHECKTABLE>
     <CHECKFIELD>MSEHI</CHECKFIELD>
     <PRIMPOS>0002</PRIMPOS>
     <DOMNAME>MEINS</DOMNAME>
     <DATATYPE>UNIT</DATATYPE>
     <LENG>000003</LENG>
    </DD05M>
   </DD05M_TABLE>
   <DD08V_TABLE>
    <DD08V>
     <TABNAME>ZSD_CONVERTIR_A</TABNAME>
     <FIELDNAME>JERARQUIA</FIELDNAME>
     <CHECKTABLE>T179</CHECKTABLE>
     <FRKART>KEY</FRKART>
     <CARD>CN</CARD>
     <CARDLEFT>1</CARDLEFT>
    </DD08V>
    <DD08V>
     <TABNAME>ZSD_CONVERTIR_A</TABNAME>
     <FIELDNAME>LOG_CONVERTIR_A</FIELDNAME>
     <CHECKTABLE>T006</CHECKTABLE>
    </DD08V>
    <DD08V>
     <TABNAME>ZSD_CONVERTIR_A</TABNAME>
     <FIELDNAME>MER_CONVERTIR_A</FIELDNAME>
     <CHECKTABLE>T006</CHECKTABLE>
    </DD08V>
    <DD08V>
     <TABNAME>ZSD_CONVERTIR_A</TABNAME>
     <FIELDNAME>VTA_CONVERTIR_A</FIELDNAME>
     <CHECKTABLE>T006</CHECKTABLE>
    </DD08V>
   </DD08V_TABLE>
   <DD35V_TALE>
    <DD35V>
     <TABNAME>ZSD_CONVERTIR_A</TABNAME>
     <FIELDNAME>JERARQUIA</FIELDNAME>
     <SHLPNAME>H_T179</SHLPNAME>
    </DD35V>
   </DD35V_TALE>
   <DD36M>
    <DD36M>
     <TABNAME>ZSD_CONVERTIR_A</TABNAME>
     <FIELDNAME>JERARQUIA</FIELDNAME>
     <SHLPNAME>H_T179</SHLPNAME>
     <SHLPFIELD>PRODH</SHLPFIELD>
     <FLPOSITION>0001</FLPOSITION>
     <SHTABLE>ZSD_CONVERTIR_A</SHTABLE>
     <SHFIELD>JERARQUIA</SHFIELD>
     <SHLPINPUT>X</SHLPINPUT>
     <SHLPOUTPUT>X</SHLPOUTPUT>
     <ROLLNAME>PRODH_D</ROLLNAME>
     <DOMNAME>PRODH</DOMNAME>
     <DATATYPE>CHAR</DATATYPE>
     <LENG>000018</LENG>
    </DD36M>
    <DD36M>
     <TABNAME>ZSD_CONVERTIR_A</TABNAME>
     <FIELDNAME>JERARQUIA</FIELDNAME>
     <SHLPNAME>H_T179</SHLPNAME>
     <SHLPFIELD>VTEXT</SHLPFIELD>
     <FLPOSITION>0002</FLPOSITION>
     <SHTYPE>G</SHTYPE>
     <SHLPOUTPUT>X</SHLPOUTPUT>
     <ROLLNAME>BEZEI40</ROLLNAME>
     <DOMNAME>TEXT40</DOMNAME>
     <DATATYPE>CHAR</DATATYPE>
     <LENG>000040</LENG>
    </DD36M>
   </DD36M>
   <I18N_LANGS>
    <LANGU>S</LANGU>
   </I18N_LANGS>
   <DD02_TEXTS>
    <item>
     <DDLANGUAGE>S</DDLANGUAGE>
     <DDTEXT>A Que se Debe Convertir Cada Jerarquia y Producto</DDTEXT>
    </item>
   </DD02_TEXTS>
   <TABL_EXTRAS>
    <TDDAT>
     <TABNAME>ZSD_CONVERTIR_A</TABNAME>
     <CCLASS>&amp;NC&amp;</CCLASS>
    </TDDAT>
   </TABL_EXTRAS>
  </asx:values>
 </asx:abap>
</abapGit>
