﻿<?xml version="1.0" encoding="utf-8"?>
<abapGit version="v1.0.0" serializer="LCL_OBJECT_VIEW" serializer_version="v1.0.0">
 <asx:abap xmlns:asx="http://www.sap.com/abapxml" version="1.0">
  <asx:values>
   <DD25V>
    <VIEWNAME>ZSDV_CONVERTIR_A</VIEWNAME>
    <AS4LOCAL>A</AS4LOCAL>
    <AGGTYPE>V</AGGTYPE>
    <ROOTTAB>ZSD_CONVERTIR_A</ROOTTAB>
    <VIEWCLASS>C</VIEWCLASS>
    <CUSTOMAUTH>A</CUSTOMAUTH>
    <GLOBALFLAG>X</GLOBALFLAG>
   </DD25V>
   <DD26V_TABLE>
    <DD26V>
     <VIEWNAME>ZSDV_CONVERTIR_A</VIEWNAME>
     <TABNAME>ZSD_CONVERTIR_A</TABNAME>
     <TABPOS>0001</TABPOS>
     <FORTABNAME>ZSD_CONVERTIR_A</FORTABNAME>
    </DD26V>
    <DD26V>
     <VIEWNAME>ZSDV_CONVERTIR_A</VIEWNAME>
     <TABNAME>T179</TABNAME>
     <TABPOS>0002</TABPOS>
     <FORTABNAME>ZSD_CONVERTIR_A</FORTABNAME>
     <FORFIELD>JERARQUIA</FORFIELD>
     <FORDIR>E</FORDIR>
    </DD26V>
    <DD26V>
     <VIEWNAME>ZSDV_CONVERTIR_A</VIEWNAME>
     <TABNAME>T179T</TABNAME>
     <TABPOS>0003</TABPOS>
     <FORTABNAME>T179</FORTABNAME>
     <FORFIELD>PRODH</FORFIELD>
     <FORDIR>I</FORDIR>
    </DD26V>
   </DD26V_TABLE>
   <DD27P_TABLE>
    <DD27P>
     <VIEWNAME>ZSDV_CONVERTIR_A</VIEWNAME>
     <OBJPOS>0001</OBJPOS>
     <DDLANGUAGE>E</DDLANGUAGE>
     <VIEWFIELD>MANDT</VIEWFIELD>
     <TABNAME>ZSD_CONVERTIR_A</TABNAME>
     <FIELDNAME>MANDT</FIELDNAME>
     <KEYFLAG>X</KEYFLAG>
     <ROLLNAME>MANDT</ROLLNAME>
     <ROLLNAMEVI>MANDT</ROLLNAMEVI>
    </DD27P>
    <DD27P>
     <VIEWNAME>ZSDV_CONVERTIR_A</VIEWNAME>
     <OBJPOS>0002</OBJPOS>
     <DDLANGUAGE>E</DDLANGUAGE>
     <VIEWFIELD>JERARQUIA</VIEWFIELD>
     <TABNAME>ZSD_CONVERTIR_A</TABNAME>
     <FIELDNAME>JERARQUIA</FIELDNAME>
     <KEYFLAG>X</KEYFLAG>
     <ROLLNAME>PRODH_D</ROLLNAME>
     <ROLLNAMEVI>PRODH_D</ROLLNAMEVI>
     <CHECKTABLE>T179</CHECKTABLE>
     <SHLPORIGIN>X</SHLPORIGIN>
     <LOGFLAG>X</LOGFLAG>
    </DD27P>
    <DD27P>
     <VIEWNAME>ZSDV_CONVERTIR_A</VIEWNAME>
     <OBJPOS>0003</OBJPOS>
     <DDLANGUAGE>E</DDLANGUAGE>
     <VIEWFIELD>VTEXT</VIEWFIELD>
     <TABNAME>T179T</TABNAME>
     <FIELDNAME>VTEXT</FIELDNAME>
     <ROLLNAME>BEZEI40</ROLLNAME>
     <ROLLNAMEVI>BEZEI40</ROLLNAMEVI>
     <RDONLY>R</RDONLY>
    </DD27P>
    <DD27P>
     <VIEWNAME>ZSDV_CONVERTIR_A</VIEWNAME>
     <OBJPOS>0004</OBJPOS>
     <DDLANGUAGE>E</DDLANGUAGE>
     <VIEWFIELD>VTA_CONVERTIR_A</VIEWFIELD>
     <TABNAME>ZSD_CONVERTIR_A</TABNAME>
     <FIELDNAME>VTA_CONVERTIR_A</FIELDNAME>
     <ROLLNAME>CMP_VRKME</ROLLNAME>
     <ROLLNAMEVI>CMP_VRKME</ROLLNAMEVI>
     <CHECKTABLE>T006</CHECKTABLE>
     <SHLPORIGIN>P</SHLPORIGIN>
     <LOGFLAG>X</LOGFLAG>
    </DD27P>
    <DD27P>
     <VIEWNAME>ZSDV_CONVERTIR_A</VIEWNAME>
     <OBJPOS>0005</OBJPOS>
     <VIEWFIELD>MER_CONVERTIR_A</VIEWFIELD>
     <TABNAME>ZSD_CONVERTIR_A</TABNAME>
     <FIELDNAME>MER_CONVERTIR_A</FIELDNAME>
     <ROLLNAME>ZMER_CONVERTIR</ROLLNAME>
     <ROLLNAMEVI>ZMER_CONVERTIR</ROLLNAMEVI>
     <CHECKTABLE>T006</CHECKTABLE>
     <SHLPORIGIN>P</SHLPORIGIN>
    </DD27P>
    <DD27P>
     <VIEWNAME>ZSDV_CONVERTIR_A</VIEWNAME>
     <OBJPOS>0006</OBJPOS>
     <DDLANGUAGE>E</DDLANGUAGE>
     <VIEWFIELD>LOG_CONVERTIR_A</VIEWFIELD>
     <TABNAME>ZSD_CONVERTIR_A</TABNAME>
     <FIELDNAME>LOG_CONVERTIR_A</FIELDNAME>
     <ROLLNAME>/SCMB/DE_LOGUNIT</ROLLNAME>
     <ROLLNAMEVI>/SCMB/DE_LOGUNIT</ROLLNAMEVI>
     <CHECKTABLE>T006</CHECKTABLE>
     <SHLPORIGIN>P</SHLPORIGIN>
     <LOGFLAG>X</LOGFLAG>
    </DD27P>
   </DD27P_TABLE>
   <DD28J_TABLE>
    <DD28J>
     <VIEWNAME>ZSDV_CONVERTIR_A</VIEWNAME>
     <LTAB>T179</LTAB>
     <LFIELD>MANDT</LFIELD>
     <OPERATOR>EQ</OPERATOR>
     <RTAB>ZSD_CONVERTIR_A</RTAB>
     <RFIELD>MANDT</RFIELD>
     <SOURCE>F</SOURCE>
     <FRKTAB>ZSD_CONVERTIR_A</FRKTAB>
     <FRKFIELD>JERARQUIA</FRKFIELD>
     <FRKDIR>E</FRKDIR>
    </DD28J>
    <DD28J>
     <VIEWNAME>ZSDV_CONVERTIR_A</VIEWNAME>
     <LTAB>T179</LTAB>
     <LFIELD>PRODH</LFIELD>
     <OPERATOR>EQ</OPERATOR>
     <RTAB>ZSD_CONVERTIR_A</RTAB>
     <RFIELD>JERARQUIA</RFIELD>
     <SOURCE>F</SOURCE>
     <FRKTAB>ZSD_CONVERTIR_A</FRKTAB>
     <FRKFIELD>JERARQUIA</FRKFIELD>
     <FRKDIR>E</FRKDIR>
    </DD28J>
    <DD28J>
     <VIEWNAME>ZSDV_CONVERTIR_A</VIEWNAME>
     <LTAB>T179</LTAB>
     <LFIELD>MANDT</LFIELD>
     <OPERATOR>EQ</OPERATOR>
     <RTAB>T179T</RTAB>
     <RFIELD>MANDT</RFIELD>
     <SOURCE>F</SOURCE>
     <FRKTAB>T179T</FRKTAB>
     <FRKFIELD>PRODH</FRKFIELD>
     <FRKDIR>I</FRKDIR>
    </DD28J>
    <DD28J>
     <VIEWNAME>ZSDV_CONVERTIR_A</VIEWNAME>
     <LTAB>T179</LTAB>
     <LFIELD>PRODH</LFIELD>
     <OPERATOR>EQ</OPERATOR>
     <RTAB>T179T</RTAB>
     <RFIELD>PRODH</RFIELD>
     <SOURCE>F</SOURCE>
     <FRKTAB>T179T</FRKTAB>
     <FRKFIELD>PRODH</FRKFIELD>
     <FRKDIR>I</FRKDIR>
    </DD28J>
   </DD28J_TABLE>
  </asx:values>
 </asx:abap>
</abapGit>
